% Model,AdvancedModel.mph
% Version,COMSOL 5.5.0.359
% Date,"Sep 8 2024, 18:57"
% Dimension,3
% Nodes,1158
% Expressions,2
% Description,Dependent variable
% Length unit,m
% x,y,z,Tcell (kg/m^3) @ t=0,Tcell (kg/m^3) @ t=0.2
0,0,4.29E-4,399.99999999999994,399.2603122129195
3.14E-4,0,3.14E-4,399.99999999999994,399.2795371368123
0,0,0,399.99999999999994,399.2846502487506
0,3.14E-4,3.14E-4,399.99999999999994,399.28358551749056
0,3.57E-4,6.39E-4,400,399.2869202387858
3.57E-4,0,6.39E-4,400,399.2942190352192
0,0,8.57E-4,399.99999999999994,399.2719672047835
3.14E-4,3.14E-4,0,399.99999999999994,399.2838417435633
0,4.29E-4,0,399.99999999999994,399.2563651815672
4.29E-4,0,0,399.99999999999994,399.25606413346503
6.45E-4,0,3.63E-4,399.99999999999994,399.2883274899445
6.45E-4,3.63E-4,0,399.9999999999999,399.29434899106167
8.57E-4,0,0,399.99999999999994,399.263669349338
3.57E-4,6.39E-4,0,400,399.2881261601617
0,6.45E-4,3.63E-4,400,399.2930032661271
0,8.57E-4,0,399.99999999999994,399.26799987277934
0.001061,0,3.76E-4,399.9999999999999,399.27649648001056
0.001061,3.76E-4,0,399.9999999999999,399.2822686766341
0.001286,0,0,399.99999999999994,399.30520508354533
3.84E-4,0.001034,0,399.9999999999999,399.2774817183256
0,0.001061,3.76E-4,399.9999999999999,399.27671162562723
0,0.001286,0,399.99999999999994,399.2970065768845
0,3.84E-4,0.001034,399.9999999999999,399.2798598010123
3.84E-4,0,0.001034,399.9999999999999,399.26906593454754
0,0,0.001286,399.99999999999994,399.3016192383403
0.0015,0,3.71E-4,399.9999999999999,399.2697332467661
0.0015,3.71E-4,0,400,399.267294837541
0.001714,0,0,399.9999999999999,399.25853530014336
6.01E-4,6.06E-4,6.06E-4,399.9999999999999,399.2647195671499
7.92E-4,0,7.79E-4,399.99999999999994,399.29433574202943
0,7.92E-4,7.79E-4,399.99999999999994,399.2934985038842
7.92E-4,7.79E-4,0,399.99999999999994,399.2894154706795
0,0.0015,3.71E-4,400,399.26834636201096
4.37E-4,0.001489,0,399.99999999999994,399.2812623871941
0,0.001714,0,399.9999999999999,399.2497943032031
0,0.002143,0,399.99999999999994,399.31067577489415
0,0.001928,3.64E-4,399.9999999999999,399.31479689204656
3.71E-4,0.001929,0,400,399.3000752013908
3.36E-4,0.002354,0,400,399.2621676029637
0,0.002356,3.27E-4,400,399.2498732597653
0,0.002571,0,399.99999999999994,399.29234307796963
0.001269,6.5E-4,6.5E-4,399.99999999999994,399.2922704126945
0.001286,0,7.42E-4,399.9999999999999,399.24835204672667
0.001286,7.42E-4,0,399.9999999999999,399.2472155678387
7.14E-4,0.001182,0,399.99999999999994,399.24996811252805
5.67E-4,0.001214,5.71E-4,399.99999999999994,399.293018683928
0,0.001286,7.42E-4,399.9999999999999,399.24110492413365
7.53E-4,8.97E-4,9.04E-4,400,399.2790041811082
0,7.14E-4,0.001182,399.99999999999994,399.2719940848394
0,4.37E-4,0.001489,399.99999999999994,399.2677444289266
4.37E-4,0,0.001489,399.99999999999994,399.27108211943136
0,0,0.001714,399.9999999999999,399.2739014025967
7.14E-4,0,0.001182,399.99999999999994,399.26066000732294
5.91E-4,5.57E-4,0.001235,399.99999999999994,399.3017253616249
4.62E-4,0.001707,4.97E-4,399.99999999999994,399.29515040168997
0,0.001712,7.4E-4,399.99999999999994,399.3223931690139
8.73E-4,0.001487,0,399.99999999999994,399.27810682343545
0,0.002162,7.46E-4,399.99999999999994,399.22935514338974
0.002143,0,0,399.99999999999994,399.3160450814422
0.002356,3.27E-4,0,400,399.21011423937153
0.001928,3.64E-4,0,399.9999999999999,399.3198925021273
0.002356,0,3.27E-4,400,399.27959099856787
0.002571,0,0,399.99999999999994,399.3390104197427
0.001928,0,3.64E-4,400,399.2840796721013
0.001716,4.61E-4,4.61E-4,399.99999999999994,399.2930601535837
0.001712,0,7.4E-4,399.99999999999994,399.3434771322504
0.001712,7.4E-4,0,399.99999999999994,399.3484736306279
0.002162,0,7.46E-4,399.99999999999994,399.2311407060924
0.002162,7.46E-4,0,399.99999999999994,399.22027065999976
0.001174,5.34E-4,0.001173,399.9999999999999,399.2672408238413
0.001084,0,0.00112,399.99999999999994,399.2338642419249
0.001497,0,0.001108,399.99999999999994,399.2881811394356
0.001281,0,0.001478,399.9999999999999,399.34045771396165
0.001615,4.55E-4,9.84E-4,399.9999999999999,399.3242904212595
0.001917,0,0.001117,400,399.2501368044119
5.38E-4,0.00118,0.001171,399.9999999999999,399.26894320009893
0,0.001084,0.00112,399.99999999999994,399.23101412049584
0,0.001497,0.001108,399.99999999999994,399.28880457719885
4.52E-4,0.001617,9.79E-4,399.99999999999994,399.3356513469722
0,0.001917,0.001117,400,399.2353068318853
0,0.001694,0.001504,399.9999999999999,399.2397807638952
0,0.001281,0.001478,399.9999999999999,399.38759474056013
0.001185,0.001167,5.27E-4,399.99999999999994,399.2765453146058
0.001084,0.00112,0,399.99999999999994,399.2196228576529
0.001497,0.001108,0,399.99999999999994,399.30778387757965
0.001606,9.25E-4,4.28E-4,399.99999999999994,399.3157780973891
0.001917,0.001117,0,400,399.24545208008954
0.001281,0.001478,0,400,399.34946438931553
0.001694,0.001504,0,399.9999999999999,399.2602915914878
7.09E-4,0.001805,0,399.99999999999994,399.2853554426727
0.001033,0.001614,4.35E-4,399.9999999999999,399.3303227400948
0.001069,0.001851,0,400,399.2727954024499
0.001463,0.001834,0,399.9999999999999,399.2156225088913
0,0.002704,2.75E-4,399.99999999999994,399.2698612152123
2.81E-4,0.002698,0,399.99999999999994,399.21519099511124
0,0.003,0,199.99999999999997,199.8595225357911
6.0E-4,0.002299,5.53E-4,399.99999999999994,399.2401263738541
6.1E-4,0.002599,0,399.9999999999999,399.2258446020895
0,0.002647,5.76E-4,399.9999999999999,399.22466243852904
7.57E-4,0.002186,0,399.99999999999994,399.20524479327537
0.001694,0,0.001504,399.9999999999999,399.2465843580687
4.45E-4,0.001023,0.001625,399.9999999999999,399.29707205939764
0,8.73E-4,0.001487,399.99999999999994,399.2771141304909
0,0.001069,0.001851,400,399.2848387638187
0,0.001463,0.001834,399.9999999999999,399.19885600416075
0,7.09E-4,0.001805,399.99999999999994,399.33036808486537
4.53E-4,5.09E-4,0.001702,399.99999999999994,399.28779021175876
8.73E-4,0,0.001487,399.99999999999994,399.2496020966636
0.001016,4.45E-4,0.001625,399.9999999999999,399.3259606142787
0.001069,0,0.001851,399.99999999999994,399.2885057715402
0.001463,0,0.001834,399.9999999999999,399.22982078104565
3.71E-4,0,0.001929,399.9999999999999,399.3051875900708
0,3.71E-4,0.001929,400,399.2914788046004
0,7.57E-4,0.002186,399.99999999999994,399.21625222943504
0,0,0.002143,399.99999999999994,399.3055190261001
0,3.36E-4,0.002354,400,399.2778202591387
3.36E-4,0,0.002354,400,399.2377255007725
0,0,0.002571,399.99999999999994,399.30708839396084
7.09E-4,0,0.001805,399.99999999999994,399.32005791759417
7.57E-4,0,0.002186,399.99999999999994,399.19891938788373
0,2.81E-4,0.002698,399.99999999999994,399.242549160813
2.81E-4,0,0.002698,399.99999999999994,399.23582537079983
1.84E-19,-4.5E-35,0.003,199.99999999999997,199.89717688780271
4.3E-4,0.00232,9.96E-4,399.99999999999994,399.2303280219624
0,0.002507,9.2E-4,399.99999999999994,399.2244931463086
0,0.002307,0.001243,399.9999999999999,399.2089358168945
0.002704,0,2.75E-4,399.99999999999994,399.262119261838
0.002704,2.75E-4,0,399.99999999999994,399.2240328627144
0.003,-3.7E-19,2.49E-16,199.99999999999997,199.88114690122222
0.002352,5.75E-4,5.07E-4,399.99999999999994,399.2349486045996
0.002647,0,5.76E-4,399.9999999999999,399.2140791045881
0.002647,5.76E-4,0,399.9999999999999,399.2187959098128
0.002507,9.2E-4,0,399.99999999999994,399.22791610856615
0.002308,4.4E-4,9.71E-4,399.99999999999994,399.23118927204547
0.002507,0,9.2E-4,399.99999999999994,399.22772639512925
0.002307,0,0.001243,399.9999999999999,399.2078470000438
0.002334,0.001023,4.12E-4,399.9999999999999,399.22775760659493
0.002307,0.001243,0,400,399.25414468308884
0.00199,0.001302,5.3E-4,399.99999999999994,399.21303485974926
0.002095,0.001556,0,399.9999999999999,399.20840415035434
0.00149,7.04E-4,0.001583,399.99999999999994,399.23831227682655
0.002729,0.001246,0,199.99999999999994,199.88875899620646
0.002026,5.98E-4,0.001361,399.99999999999994,399.2131097295059
0.002095,0,0.001556,399.9999999999999,399.1955779232268
5.5E-4,0.001968,0.0013,399.99999999999994,399.20342947357227
0,0.002095,0.001556,399.9999999999999,399.21320293397645
4.28E-4,0.00168,0.001926,399.99999999999994,399.2179997924391
0,0.001862,0.001883,399.99999999999994,399.2472247483497
0,0.001634,0.002157,399.99999999999994,399.2462476607754
0,0.001965,0.002267,239.99999999999997,239.80992344993282
6.97E-4,0.001489,0.001597,399.99999999999994,399.2168140770062
0.001514,0.001553,7.06E-4,399.99999999999994,399.2617927312999
0.001844,0.00173,4.36E-4,399.99999999999994,399.1993223085669
0.001862,0.001883,0,400,399.19473138827806
0.001634,0.002157,0,399.99999999999994,399.2158841772414
0.001007,0.00235,3.92E-4,399.9999999999999,399.19992865674635
9.48E-4,0.002542,0,399.9999999999999,399.2766388098915
0.001257,0.002276,0,399.99999999999994,399.23999961187843
0.001279,0.002021,5.0E-4,399.99999999999994,399.236859896214
0.001246,0.002729,0,239.99999999999997,239.81741009595993
3.12E-4,0.002967,3.12E-4,183.3333333333333,183.27339392034244
0,0.002969,4.27E-4,199.99999999999997,199.85931474977727
4.27E-4,0.002969,0,199.99999999999997,199.815601515574
3.32E-4,0.00291,6.49E-4,218.18181818181816,218.06585805835027
0,0.002878,8.45E-4,199.99999999999997,199.82538470559624
6.51E-4,0.0029,4.06E-4,199.99999999999997,199.93996922074206
8.45E-4,0.002878,0,199.99999999999997,199.81658744540633
0.001061,0.002784,3.48E-4,200,199.917766685767
6.47E-4,0.002805,8.45E-4,222.22222222222217,222.12085656093348
9.18E-4,0.002783,6.41E-4,199.99999999999997,199.9430484417555
8.64E-4,0.002253,9.72E-4,399.99999999999994,399.19775215072264
9.8E-4,0.002676,9.38E-4,177.77777777777774,177.7005684580815
0.001224,0.002657,6.65E-4,222.22222222222217,222.10948693493094
0.001836,4.36E-4,0.001732,399.99999999999994,399.2157723708973
0.001862,0,0.001883,400,399.23272450730906
0.001634,0,0.002157,399.99999999999994,399.22270074836695
0.001248,5.1E-4,0.002047,399.99999999999994,399.21982037504483
0.001257,0,0.002276,399.99999999999994,399.22476581612995
5.12E-4,0.001241,0.002058,399.99999999999994,399.2211486381236
0,0.001257,0.002276,399.99999999999994,399.2069710802743
4.01E-4,9.56E-4,0.00237,399.99999999999994,399.2290021143194
0,9.48E-4,0.002542,399.99999999999994,399.2245653174645
0,6.1E-4,0.002599,399.9999999999999,399.2174600607207
5.5E-4,5.5E-4,0.002318,399.99999999999994,399.2414209205071
6.1E-4,0,0.002599,400,399.2201833495412
9.48E-4,0,0.002542,399.99999999999994,399.24396863248523
9.57E-4,7.11E-4,0.00232,399.99999999999994,399.19800274824416
0.00107,3.79E-4,0.002777,233.3333333333333,233.1714711636542
0.001246,-3.1E-19,0.002729,199.99999999999997,199.8685183295388
8.45E-4,-2.1E-19,0.002878,199.99999999999997,199.84175057695307
0,0.001622,0.002524,199.99999999999997,199.86374976143392
3.7E-4,0.001427,0.002613,233.3333333333333,233.21472666321782
0,0.001246,0.002729,199.99999999999997,199.85369020822733
7.31E-4,0.001567,0.002451,200,199.90623697812512
6.99E-4,0.00123,0.002645,218.18181818181816,218.09774258198755
3.19E-4,0.001081,0.00278,177.77777777777774,177.6936955447622
0,8.45E-4,0.002878,199.99999999999997,199.80840568026284
2.83E-4,4.21E-4,0.002957,199.99999999999997,199.8890433879989
4.27E-4,-1.0E-19,0.002969,199.99999999999997,199.8422580673804
0,4.27E-4,0.002969,199.99999999999997,199.85579900050965
6.99E-4,4.4E-4,0.002884,183.3333333333333,183.27935983491616
3.07E-4,6.92E-4,0.002903,199.99999999999994,199.92816856423607
3.61E-4,0.002787,0.001051,166.66666666666663,166.6223828224848
0,0.002729,0.001246,199.99999999999997,199.8275930276643
3.66E-4,0.002616,0.001423,218.18181818181816,218.0653155805169
0,0.002524,0.001622,199.99999999999997,199.84192109230614
6.92E-4,0.002664,0.001193,199.99999999999997,199.87761225409471
7.2E-4,0.002463,0.001555,200,199.93527226329965
0.002126,3.65E-4,0.002085,181.8181818181818,181.7236552406578
0.002267,-5.6E-19,0.001965,199.99999999999997,199.83876122480072
0.001965,-4.8E-19,0.002267,199.99999999999997,199.82691442611852
0.002383,3.7E-4,0.001784,181.8181818181818,181.75714750869344
0.002524,-6.2E-19,0.001622,199.99999999999997,199.8423570087459
0.002214,7.31E-4,0.001888,200,199.88567194081287
0.002463,7.11E-4,0.001559,171.4285714285714,171.35506728030722
0.001934,7.29E-4,0.002174,218.18181818181816,218.07069309062828
0.002968,3.1E-4,3.12E-4,199.99999999999997,199.91287947201036
0.002969,-7.3E-19,4.27E-4,199.99999999999997,199.86584662289857
0.002969,4.27E-4,0,199.99999999999997,199.83175001032373
0.002787,0.001055,3.47E-4,218.18181818181816,218.0754628527388
0.002878,8.45E-4,0,199.99999999999997,199.86072711227118
0.002901,6.48E-4,4.02E-4,180,179.92145939715354
0.002787,9.09E-4,6.4E-4,155.55555555555551,155.5432106599785
0.002659,0.001215,6.75E-4,222.22222222222217,222.0796394847906
0.002615,3.53E-4,0.001428,184.61538461538458,184.54178329711075
0.002729,-6.7E-19,0.001246,199.99999999999997,199.83481863188436
0.002681,9.6E-4,9.43E-4,199.99999999999994,199.8953916102007
0.002118,0.001086,0.001071,399.99999999999994,399.22148991344557
0.002912,3.26E-4,6.44E-4,199.99999999999994,199.9210282465177
0.002878,-7.1E-19,8.45E-4,199.99999999999997,199.83295569734392
0.002667,6.77E-4,0.001196,181.8181818181818,181.76690459344167
0.002504,0.001026,0.001295,199.99999999999997,199.8849629895902
0.002793,3.4E-4,0.001041,222.22222222222217,222.09220844686683
0.002813,6.37E-4,8.26E-4,199.99999999999997,199.9387021115492
0.002614,0.001429,3.55E-4,184.61538461538458,184.54953990888603
0.002524,0.001622,0,199.99999999999997,199.85241013968604
0.002382,0.001787,3.6E-4,218.18181818181816,218.06449649406056
0.002267,0.001965,0,199.99999999999997,199.84090016440658
0.00246,0.00157,6.96E-4,222.22222222222217,222.09587007293376
0.001045,0.002501,0.001286,160,159.95283093226774
0.001336,0.00249,0.001006,199.99999999999997,199.85956776767776
0.001283,0.002038,9.58E-4,399.99999999999994,399.2105525600314
0.0025,0.001316,0.001009,177.77777777777774,177.71337523817397
0.002261,0.00167,0.001049,199.99999999999994,199.89894217528348
0.002202,0.001908,7.15E-4,222.22222222222217,222.11865447633235
0.001682,0.00166,0.001121,399.9999999999999,399.205464166221
0.001676,0.001063,0.00225,218.18181818181816,218.03972447017455
0.001663,0.001116,0.001652,399.99999999999994,399.2185392637043
0.001994,0.00109,0.001958,199.99999999999997,199.8834821683318
0.001727,0.001416,0.002003,199.99999999999997,199.90664296095258
0.00123,0.001229,0.001714,399.9999999999999,399.2008674510785
0.00174,0.001732,0.001724,254.5454545454545,254.38277530082894
0.001725,0.002018,0.001398,181.8181818181818,181.769430520104
0.001254,0.001677,0.001237,399.99999999999994,399.21152749595655
0.001984,0.001982,0.001066,177.77777777777774,177.65629094849783
0.002022,0.001717,0.001402,199.99999999999997,199.91907808537462
0.001692,0.001227,0.001215,399.99999999999994,399.1892334256783
0.002025,0.001413,0.001703,133.33333333333331,133.32728560227525
0.002286,0.001382,0.001365,199.99999999999994,199.91669586095028
0.00227,0.001068,0.001645,200,199.8952704326698
3.68E-4,0.001782,0.002385,166.66666666666663,166.60573434783396
3.66E-4,0.002391,0.001775,166.66666666666663,166.6283780241317
0,0.002267,0.001965,199.99999999999997,199.81222179454042
3.71E-4,0.002109,0.002101,181.8181818181818,181.74504472896086
7.31E-4,0.002205,0.001898,222.22222222222217,222.11268843481326
7.35E-4,0.001902,0.0022,222.22222222222217,222.1035624744844
9.85E-4,0.001832,0.001561,399.99999999999994,399.2211935429724
0.001396,0.002277,0.001366,199.99999999999994,199.92035338459763
0.001075,0.002263,0.00165,200,199.89349778490802
0.001422,0.002017,0.001706,199.99999999999997,199.86335261611623
0.001083,0.001659,0.002253,266.66666666666663,266.4362717676293
0.001079,0.001088,0.002112,399.99999999999994,399.22766715644843
0.001089,0.001981,0.001972,145.45454545454544,145.44741878018536
0.001422,0.001715,0.002009,222.22222222222217,222.1135006377976
0.001437,0.00261,3.55E-4,184.61538461538458,184.5638948001
0.001622,0.002524,0,199.99999999999997,199.86981705500372
0.002105,0.002106,3.68E-4,166.66666666666663,166.64466073664354
0.001965,0.002267,0,199.99999999999997,199.8091020954918
0.001904,0.002202,7.26E-4,254.5454545454545,254.36826165066302
0.001787,0.002382,3.62E-4,200,199.9277375619385
0.001675,0.002256,0.001052,160,159.95888719232096
0.001579,0.002453,6.99E-4,222.22222222222217,222.0896731546282
0.001457,3.68E-4,0.002596,199.99999999999994,199.90411608126516
0.001622,-4.0E-19,0.002524,199.99999999999997,199.885227360549
0.001806,3.5E-4,0.00237,199.99999999999994,199.90843237983333
0.001602,6.86E-4,0.002442,177.77777777777774,177.73177494311173
0.001233,6.57E-4,0.002655,149.99999999999997,149.94962881906554
0.00139,0.00138,0.002273,153.84615384615384,153.82879453870805
0.001334,0.001024,0.002484,181.8181818181818,181.7315433274951
0.001026,0.001322,0.00249,177.77777777777774,177.70552397969718
6.38E-4,8.91E-4,0.002793,181.8181818181818,181.77707866835144
9.71E-4,9.81E-4,0.002663,200,199.88099827710818
9.49E-4,7.06E-4,0.002757,155.55555555555551,155.53533697266542
0.001888,8.13E-4,7.98E-4,400,399.2039587001065
0.001484,0.001023,8.6E-4,399.99999999999994,399.3292856394101
8.52E-4,0.001841,8.18E-4,399.99999999999994,399.1954012753751
0.001098,0.001098,0.001098,399.9999999999999,399.28534448433567
8.68E-4,0.001487,0.001098,399.99999999999994,399.30623971637306
8.74E-4,0.001063,0.001489,399.9999999999999,399.3098229263652
8.19E-4,8.19E-4,0.001866,399.99999999999994,399.1962651643478
3.43E-4,0.003335,0,0,0.011745733899672183
0,0.003309,7.1E-4,0,0.024481410928107968
0,0.003484,0,0,0.010480333612023331
4.63E-4,0.003776,0,0,-0.004231413854697163
0,0.003716,4.47E-4,0,-0.008878704295640865
0,0.004068,0,0,0.0029722303828373137
0,0.003315,3.3E-4,0,0.01158899179604902
7.21E-4,0.003293,0,0,0.011353061070934964
0.001181,0.003164,0,0,0.01117717287647932
0,0.001621,0.002974,0,0.014425273586597372
0,0.00118,0.003162,0,4.313847314909033E-4
3.3E-4,0,0.003315,0,0.0322405994576201
0,7.21E-4,0.003293,0,0.025836551696727966
0,3.43E-4,0.003335,0,0.011712073263627672
0,0,0.003484,0,0.002169210588660566
7.1E-4,0,0.003309,0,-6.016470642049186E-4
4.47E-4,0,0.003716,0,-0.007759194497253416
0,0.003179,0.00118,0,0.005370244683394619
0,0.002975,0.001635,0,0.020885181754703285
0.00271,0,0.002037,0,0.01384420368829366
0.002388,0,0.002403,0,0.015287947834041025
0.00118,0,0.003179,0,0.022604780819702974
0.003286,7.15E-4,0,0,0.00778737058325484
0.003335,3.43E-4,0,0,0.01845867930153836
0.003335,0,3.43E-4,0,0.01702904523659491
0.003484,0,0,0,0.0031673680573258197
0.003293,0,7.21E-4,0,0.027382650120305652
0.003162,0,0.00118,0,0.013032879890786775
0.002974,0,0.001621,0,0.01370962558856633
0.003268,0.001176,0,0,0.022623820219082127
0.003776,0,4.63E-4,0,-0.007018825247482712
0.003776,4.63E-4,0,0,-0.003357447480752573
0.004068,0,0,0,0.0025983520889961806
0.002766,0.002036,0,0,0.023688203575613912
0.002968,0.001617,0,0,0.015740183738645656
0.003179,0.001459,5.31E-4,0,0.013185350041176656
0.002893,0.001567,9.0E-4,0,0.02417001451533596
0.003423,0.00165,0,0,-0.003938518751060522
0.003211,0.002018,0,0,-0.008569734814755745
0.003102,0.001336,0.00131,0,0.007436874882564905
0,0.002712,0.002043,0,0.005798820089167157
0,0.002037,0.00271,0,0.02063920125363963
0,0.002403,0.002388,0,0.023783065422350386
0,0.004329,6.21E-4,0,-8.691301250593988E-4
5.7E-4,0.004436,0,0,-0.001402255048849508
0,0.004772,0,0,1.9198635123320463E-4
0.001623,0.002977,0,0,0.01521146287005972
0.002472,0.002414,0,0,0.005943229901328902
0.002062,0.002729,0,0,0.006774812281334852
0.001066,0.004202,0,0,-0.0038218391814620347
6.65E-4,0.003504,8.13E-4,0,0.01262154560283245
0.001072,0.003649,0,0,-0.006839411718993704
0,0.003768,0.001009,0,-0.004421568373825123
0.001333,0.003357,6.64E-4,0,0.007301656528903409
0.001579,0.003457,0,0,-0.005629090597474767
9.02E-4,0.003164,0.001162,0,0.00912629716322691
0.001598,0.002936,9.08E-4,0,0.023183164129867463
0.002124,0.003395,0,0,-0.004035644031907487
0.001635,0,0.002975,0,0.022406598656767633
0.002043,0,0.002712,0,0.024402945844334858
0.001263,6.62E-4,0.003193,0,0.02080094312326819
5.92E-4,0.001922,0.002993,0,0.012852460494453847
0,0.002077,0.003247,0,-0.005228871055778463
0,0.001526,0.003629,0,-0.0057567606613295385
0,0.002543,0.002861,0,-0.00890338291098763
0.001058,0.001377,0.003038,0,0.013332740667298469
9.82E-4,0.001977,0.002653,0,0.022391353238729466
0,0.00255,0.00343,0,-0.001416615470969842
5.21E-4,0.001089,0.003284,0,0.012625547535197554
0,0.001002,0.003581,0,-0.010534199595087524
5.82E-4,5.87E-4,0.00348,0,0.012233236592677539
0,4.63E-4,0.003776,0,-0.003327535683123193
0,0,0.004068,0,0.0024108412598549864
0,0.001031,0.004124,0,-0.0026324968737030355
0.001009,0,0.003768,0,-0.005179562506718547
6.21E-4,0,0.004329,0,-3.41514182308447E-4
0,5.23E-4,0.004449,0,8.48387745986444E-4
0,0,0.004772,0,-4.6749104253002556E-4
7.51E-4,0.003244,0.001749,0,0.0033734727858553003
0,0.003246,0.002175,0,-0.006889613097242709
9.46E-4,0.002858,0.002033,0,0.01678228838792025
0,0.00358,0.001625,0,-0.0028385979549134053
0,0.003992,0.002373,0,3.833844539544468E-4
0,0.005145,7.16E-4,0,3.262175730984143E-4
6.7E-4,0.005182,0,0,3.0068939883360273E-4
0,0.005621,0,0,-1.5985168661993362E-4
0.001802,0.004093,0,0,4.0929425526220177E-4
0.002324,5.77E-4,0.002641,0,0.012173096178647614
0.00248,0,0.002839,0,-0.009618569807067228
0.002973,5.66E-4,0.001904,0,0.006042733175649433
0.003247,0,0.002077,0,-0.005426949445443393
0.003629,0,0.001526,0,-0.005765848605623063
0.002368,9.94E-4,0.00232,0,0.02947268271515843
0.00283,0.001102,0.001759,0,0.013336893774448471
0.001785,0.001067,0.002779,0,0.022181013888927112
0.002861,0,0.002543,0,-0.005620528629405649
0.001625,0,0.00358,0,-0.006063278123824174
0.002175,0,0.003246,0,-0.00716014800531694
0.002943,0,0.003262,0,-3.930611043518895E-4
0.003554,8.68E-4,7.66E-4,0,0.007772017618734452
0.003581,0,0.001002,0,-0.011424322382240535
0.003695,8.74E-4,0,0,-0.008018923999890737
0.003312,6.26E-4,0.001338,0,0.017142901387356975
0.004449,0,5.23E-4,0,-5.010544715478247E-4
0.004276,6.97E-4,0,0,-7.594907604929894E-4
0.004772,0,0,0,6.416331156610508E-5
0.003867,0.001318,0,0,-0.003071755400214051
0.004124,0,0.001031,0,-0.0045887571551933015
0.004377,0,0.001601,0,-0.0018167659694569205
0.005129,0,6.11E-4,0,-1.1158747663509451E-4
0.004651,0,0.001027,0,9.770978223957115E-4
0.005169,7.47E-4,0,0,1.6782422553056938E-4
0.005621,0,0,0,-7.878400801868435E-5
0.003877,0,0.002186,0,8.369142944601631E-4
0.00343,0,0.00255,0,8.124409429572543E-4
0.002878,0.002155,7.31E-4,0,0.009169850417681782
0.003174,0.002547,0,0,-0.003673240374098106
0.003825,0.00209,0,0,7.180108997672654E-4
0.002731,0.002972,0,0,-0.003500192808496891
0.001785,0.002848,0.001392,0,0.009316538126514035
0.002589,0.00188,0.001504,0,0.015964170875333143
0.0024,0.002397,9.86E-4,0,0.018346720199629893
0.001777,0.002119,0.002109,0,0.025417917563999724
0.002212,0.001462,0.002551,0,-1.72910569129546E-4
0.002248,0.002243,0.001859,0,0.003015015245282746
0.003442,0.001864,0.001071,0,-0.0017845405471478405
0.002806,0.00165,0.002013,0,-2.557955851198245E-4
0.00345,0.001087,0.001838,0,-0.002327498706392654
7.16E-4,0.002588,0.00259,0,0.003948276676272804
0,0.002839,0.00248,0,-0.0028542780865122397
0.001713,0.002886,0.002078,0,-8.724130746270189E-4
0.001472,0.002199,0.002555,0,0.004112670627329284
0,0.003262,0.002943,0,-0.0015711372873931048
9.59E-4,0.004486,9.96E-4,0,-8.705179981580754E-4
0,0.00443,0.0014,0,0.0010208799494567694
0.001312,0.004722,0,0,7.387257422691569E-4
0,0.005576,0.001425,0,1.4165875477670513E-4
0.0022,0.002924,7.43E-4,0,0.005403312720967143
0.001683,0.003695,0.00125,0,-0.0017396023214044957
0.002504,0.004205,0,0,-3.570719812021121E-4
0.002866,0.003623,0,0,-5.960985759137844E-4
0,0,0.005621,0,3.240236963014125E-5
0,7.3E-4,0.006034,0,1.0702577974372562E-5
0,0,0.006645,0,-5.854314654572196E-6
7.93E-4,0,0.006133,0,-3.1151926857236896E-6
0.001795,7.44E-4,0.003213,0,0.0016625130528132503
0.001577,0.001573,0.003058,0,-0.0017302436938732902
0.001066,0.001111,0.003522,0,-0.002178609818107718
7.16E-4,0,0.005145,0,1.0299091503934611E-5
0,6.11E-4,0.005129,0,2.942078353610295E-5
7.58E-4,0.001835,0.003809,0,-0.0012167469094432797
0,0.001601,0.004377,0,9.661905729005302E-4
0,0.002186,0.003877,0,0.0018958394703870501
0.001191,0.002398,0.003217,0,-0.0016960680023579496
0,0.003026,0.003842,0,7.538896512067558E-4
7.98E-4,8.41E-4,0.004386,0,-5.850742644894803E-4
0,0.001027,0.004651,0,1.3031783787054076E-4
0.0014,0,0.00443,0,8.144023872431305E-4
0.001425,0,0.005576,0,5.535797143362698E-5
0,0.0024,0.004782,0,-3.498777328434652E-5
0.001185,0.004313,0.002203,0,-4.2999780450578127E-4
0,0.005197,0.002297,0,-5.2239598325850303E-5
0,0.003774,0.003432,0,2.677326674938356E-4
0,0.004721,0.003411,0,3.898828616299009E-5
0,0.006133,7.93E-4,0,-2.1950213218569362E-5
7.3E-4,0.006034,0,0,-9.367105956401505E-5
0,0.006645,0,0,3.832171629396809E-5
0.001509,0.005619,0,0,3.837419153698179E-5
9.78E-4,0.007262,0,0,-1.1027369694580672E-6
0,0.007224,0.001066,0,2.918481642771054E-6
0.00151,0.006536,0,0,2.2015149626387576E-5
0,0.00788,0,0,-4.186354723178829E-6
0,0.009368,0,0,6.048602708176062E-7
0,0.008624,0.001154,0,-8.462287976698708E-7
0.001177,0.008574,0,0,-4.0498987211767023E-7
0.002466,0.004957,0,0,4.0542787520365275E-4
0.002878,0.001208,0.00282,0,-0.0016581171241596539
0.003842,0,0.003026,0,8.79305091922816E-5
0.002373,0,0.003992,0,2.7813403651866524E-4
0.003432,0,0.003774,0,3.65011538938126E-4
0.004607,0.001211,0.001359,0,-3.143609198997395E-4
0.004772,0.002481,0,0,3.814310045505774E-4
0.004598,0.001468,0,0,4.1855828506046994E-4
0.005176,0,0.00137,0,3.088144635323803E-4
0.006034,0,7.3E-4,0,6.270525910864935E-5
0.004782,0,0.0024,0,1.2426521954960563E-5
0.006142,8.93E-4,0,0,5.608340658298955E-5
0.006645,0,0,0,-2.5078101070593497E-5
0.005526,0.001657,0,0,-4.006869002154598E-6
0.005862,0,0.001843,0,5.7209965307731366E-5
0.003109,0.003036,0.001016,0,-6.39732093425503E-4
0.003685,0.003125,0,0,2.878631643930612E-4
0.005223,0.003059,0.001416,0,9.53510880726083E-5
0.005928,0.002861,0,0,-4.102842471236127E-5
0.004956,0.003741,0,0,-1.205144836337186E-4
0.004095,0.001181,0.002868,0,1.7004762556904523E-4
0.004589,0,0.00387,0,-5.110652378169114E-5
0.006021,0,0.003064,0,-1.723899176949559E-5
0.001988,0.003472,0.002955,0,1.8903822818012582E-4
0.001841,0.005481,0.00186,0,1.3166659693710894E-4
0,0.006311,0.001896,0,-4.5558959490811984E-5
0.002408,0.006292,0,0,-9.899220001084959E-5
0.003066,0.00415,0.001345,0,2.1786576963186514E-5
0.003574,0.004397,0,0,7.811471024707982E-6
0,0.006098,0.0032,0,3.225297493227396E-5
0,0.001435,0.006531,0,4.20048241925231E-6
0,9.78E-4,0.007262,0,2.5043530631433385E-6
0,0,0.00788,0,-5.527397976298035E-7
0,0.001072,0.008614,0,-6.95548031717156E-8
0.001154,0,0.008624,0,-1.9216270791985933E-6
0,0,0.009368,0,9.510200773752647E-7
0.001066,0,0.007224,0,4.074190799708643E-6
0.001454,0.00144,0.006075,0,-2.0905224715383997E-5
0,0.00137,0.005176,0,-1.1217265549462543E-4
0,0.001843,0.005862,0,9.854586569064087E-6
0.001896,0,0.006311,0,1.074576474844609E-5
0.001807,0.001792,0.004088,0,2.110708623119509E-4
9.91E-4,0.001848,0.004881,0,7.628488404037276E-5
0.001361,0.003187,0.00451,0,6.014230239539368E-5
0,0.00387,0.004589,0,-8.833435791515216E-5
0.002297,0,0.005197,0,-6.300952026702834E-5
0.003411,0,0.004721,0,-1.1557115147547589E-4
0,0.003064,0.006021,0,-1.3475199471028434E-5
0,0.002167,0.006958,0,9.91020162623105E-6
0,0.005505,0.004657,0,9.460875835585567E-6
0,0.007249,0.00432,0,3.43027793273907E-6
0.001896,0.004688,0.004622,0,-1.393486587102786E-5
0,0.004652,0.006254,0,4.7381422390245E-6
0,0.006626,0.006186,0,5.677865427794519E-7
0.001878,0.006797,0.001473,0,-2.049643674414747E-6
0,0.007638,0.002594,0,4.150287055760746E-6
0.002011,0.007495,0,0,5.328196756770389E-6
0.003336,0.007398,0,0,9.873992128999745E-6
0.001461,0.010229,0,0,3.2977999835890583E-7
0,0.010283,0.001418,0,2.693838626999789E-8
0,0.011163,0,0,-6.03868201823766E-8
0,0.013327,0,0,-5.633572118143512E-8
0,0.012245,0.001677,0,1.1794365461712657E-7
0.001767,0.012141,0,0,5.465273469599927E-8
0.002055,0.014542,0,0,2.0017907006605813E-8
0,0.014587,0.001995,0,1.0229370407721049E-8
0,0.015937,0,0,-3.871042524041032E-9
0.00188,0.008794,0.002002,0,4.739794534249511E-7
0,0.009284,0.002383,0,-2.060739367842344E-7
0,0.009104,0.00386,0,-2.142524404261319E-6
0.0027,0.008918,0,0,-1.7605227945306435E-6
0,0.01083,0.003062,0,-5.331859628457017E-7
0.001907,0.011688,0.002113,0,-2.7847844768358976E-7
0,0.012861,0.003851,0,2.0598332843705103E-7
0,0.010861,0.005159,0,-2.2484126363315374E-7
0.003636,0.012978,0,0,1.896149135863119E-7
0.003588,0.005812,0,0,-3.605023383492428E-5
0.006609,0.00433,0,0,1.5419581771032961E-6
0.005032,0.005262,0,0,-1.0414863390105357E-5
0.006531,0,0.001435,0,-2.5383275050839412E-5
0.007262,9.78E-4,0,0,-3.8557338253737384E-6
0.00788,0,0,0,3.022969211320623E-6
0.007262,0,9.78E-4,0,3.981697628895778E-6
0.008614,0,0.001072,0,3.0352300247523484E-9
0.00863,0.001146,0,0,7.593091256994832E-8
0.009368,0,0,0,-3.8687660451219E-7
0.010266,0,9.75E-4,0,7.94126734283351E-8
0.010292,0.001344,0,0,-4.8417983327421904E-8
0.011163,0,0,0,9.275705165352442E-9
0.00396,0.001733,0.004259,0,3.715423146989873E-5
0.0032,0,0.006098,0,7.620230653128797E-6
0.006413,0.001921,0.001994,0,-7.787398644885091E-6
0.006958,0,0.002167,0,2.798439420813989E-7
0.008089,0,0.002107,0,-3.228983501398535E-7
0.006624,0.001923,0,0,1.1012415689844104E-6
0.007064,0.003117,0,0,1.2852090887266976E-5
0.007841,0.002143,0,0,2.761252295463346E-6
0.006988,0.00378,0.001835,0,-7.990113364737065E-6
0.008257,0.003581,0,0,1.3659707238814832E-6
0.004657,0,0.005505,0,-3.4783077851153443E-6
0.006254,0,0.004652,0,1.2141259883358863E-5
0.007928,0,0.003443,0,8.145258751401621E-6
0,9.75E-4,0.010266,0,-3.7684436377885455E-7
0.001418,0,0.010283,0,-2.6507293389800737E-7
0,0,0.011163,0,1.3240344564251218E-7
0.004382,0.004435,0.002192,0,4.516095749607048E-5
0.005407,0.002965,0.00346,0,-5.460145730489897E-5
0.003064,0.006359,0.003009,0,-2.442834757199594E-5
0.002276,0.00828,0.004505,0,2.9490708189409275E-6
0,0.008722,0.005926,0,-1.4656528201738156E-6
0.002016,0.001837,0.008338,0,2.0027869220002286E-6
0,0.002107,0.008089,0,-3.6936460192424245E-6
0,0.003443,0.007928,0,2.4041246759600634E-6
0,0.002228,0.009438,0,-6.291633848660245E-7
0.002383,0,0.009284,0,-8.455046113240873E-7
0.002594,0,0.007638,0,4.701237952238952E-6
0.00386,0,0.009104,0,-1.3294765117442404E-6
0.002598,0.002563,0.006513,0,-1.4582692269479836E-5
0.00432,0,0.007249,0,1.709448291734417E-6
0,0.003823,0.010145,0,-5.164676820912532E-7
0.00237,0.01751,0,0,-1.9027357724509644E-11
0,0.017453,0.003258,0,6.566064401426433E-9
0,0.019084,0,0,-2.51928951669336E-9
0.002934,0.005646,0.006421,0,3.0962588874943504E-6
0,0.005509,0.008301,0,-1.4605738875958526E-6
0,0.008017,0.008195,0,-4.2352821996174787E-7
0.011651,0,0.00181,0,1.5109163838251752E-8
0.012265,0.001711,0,0,5.199071060565904E-8
0.013327,0,0,0,-2.435586300624003E-8
0.010996,0.002767,0,0,-9.244626682506707E-8
0.014387,0,0.002054,0,1.5340469057701113E-8
0.014632,0.002067,0,0,-1.3716814733406369E-8
0.015937,0,0,0,-1.5863353853651135E-9
0.012331,0,0.003629,0,2.2073414873652898E-8
0.003978,0.007832,0.001904,0,2.1708599835081262E-6
0.004833,0.006976,0,0,6.048267247404696E-6
0.004178,0.008581,0,0,-3.2061273466241574E-6
0.003768,0.010585,0,0,-2.0864082637416164E-7
0.006004,0.00919,0,0,-5.234448012290426E-7
0.003114,0.015047,0.003136,0,1.6446244015905653E-8
0,0.015124,0.004364,0,-5.220066808466526E-8
0.004807,0.015134,0,0,-4.076885944170757E-8
0.003657,0.011779,0.003627,0,-4.654408645748916E-7
0.002728,0.010062,0.006296,0,-4.593909617349283E-7
0,0.010496,0.007616,0,4.278189109424928E-7
0,0.013234,0.006699,0,1.2963370205489312E-7
0,0.012075,0.008792,0,4.076319998269884E-8
0.005782,0.012491,0,0,1.2687293512577534E-7
0.005717,0.006778,0.002567,0,-1.419490059849606E-6
0.006589,0.006532,0,0,1.9375586283435703E-6
0.008674,0.005457,0,0,5.002760502136954E-7
0.010112,0.004164,0,0,4.2152116610527595E-7
0.008849,0.00805,0,0,2.751318426451479E-7
0.008627,0.002163,0.002086,0,3.82259686805535E-7
0.009438,0,0.002228,0,-1.5658499680515008E-6
0.00934,0.002495,0,0,-8.947612569562128E-7
0.005366,0.002626,0.006142,0,1.2197185223047976E-6
0.007461,0.003863,0.003816,0,1.3391765765991998E-6
0.008301,0,0.005509,0,-2.3344864598825016E-6
0.006186,0,0.006626,0,-1.0186599772574485E-6
0.010145,0,0.003823,0,-2.5765903792277078E-8
0.00289,0.002888,0.009983,0,6.637336207388837E-7
0.003062,0,0.01083,0,3.659387377329603E-8
0.005159,0,0.010861,0,-7.422714318258895E-8
0,0.00181,0.011651,0,-3.954500365000054E-8
0.001677,0,0.012245,0,-1.289609885971839E-7
0,0,0.013327,0,1.5678576725808713E-8
0,0.002054,0.014387,0,5.1867707331397724E-8
0.003851,0,0.012861,0,-9.008027008361959E-8
0,0.003629,0.012331,0,-1.5617639784319146E-7
0.001995,0,0.014587,0,2.859294442100379E-8
0,0,0.015937,0,-2.315072858981239E-8
0,0.002205,0.0175,0,8.809154204943748E-10
0.004368,0.002156,0.008246,0,7.233002234357934E-7
0.008195,0,0.008017,0,-4.56281655156223E-9
0.005926,0,0.008722,0,-1.539973704926186E-7
0,0.021249,0.003375,0,1.6831020677839135E-9
0.003325,0.020846,0,0,3.292535718333967E-9
0,0.022878,0,0,-7.585784583441616E-10
0.006809,0.018612,0,0,-1.3596078023786194E-9
0.008125,0.014903,0,0,-2.699866241504919E-8
0.005844,0.003281,0.011767,0,-1.1125871413431272E-7
0.007616,0,0.010496,0,6.684846992697005E-8
0.008792,0,0.012075,0,2.0773958745694426E-8
0.006699,0,0.013234,0,4.721864953174156E-8
0.004875,0.004834,0.008816,0,-4.850352827508893E-9
0,0.006428,0.011061,0,8.83234879126582E-8
0.003972,0.017969,0.006167,0,-1.4809038725978459E-8
0,0.019565,0.006548,0,7.280992939540672E-9
0,0.016404,0.00666,0,-9.992320492614653E-9
0.004523,0.010914,0.008702,0,-1.6599370896651464E-7
0,0.010258,0.010668,0,4.156666952085877E-8
0,0.014311,0.010185,0,8.798972356816996E-9
0.019084,0,0,0,-6.235571996238819E-10
0.021013,0.00302,0,0,1.4629824962567631E-9
0.017544,0.002489,0,0,2.637046539711036E-9
0.02097,0,0.002837,0,2.2927099988031504E-10
0.022878,0,0,0,-6.207942555569832E-10
0.0175,0,0.002205,0,-2.793773271486323E-9
0.01154,0.004089,0.003827,0,-1.603761695961197E-7
0.011287,0.006445,0,0,-5.814678421088093E-8
0.011061,0,0.006428,0,2.5510565924440626E-7
0.016025,0.002716,0.002702,0,7.394024561748945E-9
0.016313,0,0.004184,0,-6.735580374494557E-9
0.015834,0.004241,0,0,-1.2039996512314082E-8
0.012969,0.004123,0,0,1.680592186453695E-8
0.018452,0.005395,0,0,-1.2676598823731846E-8
0.014022,0,0.005055,0,1.1778529327560169E-8
0.007013,0.010542,0.003185,0,-7.9949725871555E-9
0.00854,0.011257,0,0,2.253092145261206E-8
0.006426,0.014445,0.00631,0,4.558238492655751E-8
0.009277,0.007966,0.004521,0,-9.559298871958093E-8
0.015196,0.007237,0,0,3.890471605877985E-8
0.011677,0.01361,0,0,-5.62934251753478E-9
0.011925,0.009639,0,0,9.594103830276524E-10
0.025041,0,0.0034,0,3.836011881380581E-10
0.009401,0.003203,0.006811,0,-9.433704209176521E-8
0.010668,0,0.010258,0,1.1486422474496903E-9
0.013916,0,0.00835,0,1.9202621821101184E-8
0.016702,0,0.006869,0,-1.201039686288274E-8
0.018952,0,0.004738,0,3.010098068579016E-9
0.025152,0.003622,0,0,-9.098579031034426E-11
0.027454,0,0,0,6.18479014176946E-11
0.003335,0.003266,0.014168,0,-5.169458748229579E-8
0,0.005055,0.014022,0,6.953214203204211E-9
0,0.004184,0.016313,0,1.2037408115403537E-8
0.004364,0,0.015124,0,2.599014563345397E-8
0.003258,0,0.017453,0,7.866092018979223E-9
0,0,0.019084,0,-2.9115635761831896E-11
0,0.004738,0.018952,0,8.197220120457731E-9
0,0.006869,0.016702,0,9.491504356337828E-10
0.00666,0,0.016404,0,-3.570899601926605E-9
0,0.002837,0.02097,0,-1.0249899598637789E-9
0.003375,0,0.021249,0,-1.582685223395856E-9
0,0,0.022878,0,6.190070436253909E-10
0,0.0034,0.025041,0,3.7206420887509304E-10
0.003737,0,0.025282,0,7.528523790070412E-11
0,0,0.027454,0,-1.6566736054873152E-10
0.009157,0.004387,0.010575,0,-1.5111142927749557E-8
0.010185,0,0.014311,0,5.0409187689758475E-9
0,0.019217,0.00968,0,-7.593765656387893E-11
0,0.022981,0.007939,0,1.1292632245587197E-9
0.003821,0.025061,0,0,-6.189985059808787E-10
0,0.025282,0.003737,0,-3.1119475262258684E-10
0,0.027454,0,0,2.6673982855492526E-10
0.004375,0.030015,0,0,1.1813178484973913E-10
0,0.030269,0.004444,0,7.902902640627724E-12
0,0.03297,0,0,-4.5644473069404454E-11
0.006611,0.022544,0,0,-6.784520965345693E-10
0.006741,0.021411,0.006905,0,9.727227727368144E-10
0.008342,0.026603,0,0,-1.5824182235253822E-10
0,0.027464,0.007752,0,-2.188593417786095E-10
0.010578,0.021849,0,0,6.033919354234955E-10
0.011162,0.017788,0.005816,0,-3.926197744145974E-9
0.011297,0.017748,0,0,6.5070322261371664E-9
0.015626,0.016652,0,0,1.3228917433649398E-9
0.01496,0.021679,0,0,2.451402023419174E-10
0.005879,0.005727,0.014609,0,3.874684890696568E-9
0.00968,0,0.019217,0,-1.4335451682289311E-9
0,0.00835,0.013916,0,-2.8683522555106854E-8
0.00452,0.010421,0.013657,0,1.10264826723971E-8
0,0.010101,0.017002,0,1.84229459151868E-9
0,0.012402,0.014317,0,-7.620025124314534E-9
0,0.009507,0.020377,0,-3.2966893972988594E-9
0.007401,0.014855,0.01404,0,5.034759541221085E-9
0,0.014406,0.019372,0,-1.8731562429348744E-9
0,0.017308,0.014314,0,-1.1884849173968432E-9
0.030092,0,0.004268,0,-1.041529695099422E-10
0.020009,0.004506,0.004286,0,-2.78757142511131E-9
0.022114,0.006422,0,0,2.8915579962968386E-9
0.019009,0.00896,0,0,-7.529086403751287E-9
0.02262,0,0.006493,0,2.5103758420940666E-10
0.015651,0.011648,0,0,-6.387327840229768E-9
0.015564,0.005586,0.005663,0,2.6052368853081522E-8
0.017002,0,0.010101,0,-5.290021050066043E-9
0.013608,0.012516,0.00608,0,1.9361850261181085E-9
0.026048,0.007198,0,0,-6.253791647811492E-10
0.022508,0.010305,0,0,6.683932946431924E-10
0.024292,0.005738,0.005596,0,4.289521356256136E-10
0.026905,0,0.007,0,-2.751606317336902E-10
0.014163,0.004582,0.010371,0,7.447786914668683E-9
0.014317,0,0.012402,0,-4.6290613620414545E-9
0.020576,0.010108,0.005401,0,-1.7850459790435026E-9
0.020697,0.013907,0,0,1.6969740561482025E-9
0.020377,0,0.009507,0,-7.059067094918197E-11
0.039623,0,0,0,-4.075463816974236E-12
0.036573,0.004715,0,0,7.259299701294444E-12
0.03297,0,0,0,3.450753435475838E-11
0.036297,0,0.005269,0,-3.869334751820298E-12
0.030402,0.006102,0,0,-4.208848277344523E-11
0.026324,0.011354,0,0,2.600219737860074E-10
0.006548,0,0.019565,0,-1.5969025712700607E-10
0.006552,0.00701,0.020473,0,-4.926409719095347E-10
0.007939,0,0.022981,0,4.10780850747896E-10
0,0.006493,0.02262,0,-2.4181012497891E-10
0.005004,0.005204,0.025965,0,1.6169559895516903E-10
0.004444,0,0.030269,0,-1.581414440660854E-11
0,0.004268,0.030092,0,-2.204404159083775E-11
0,0,0.03297,0,2.8837808138523797E-11
0,0.007,0.026905,0,-2.3590018452128905E-10
0.007752,0,0.027464,0,-8.440294963631621E-11
0,0.011427,0.025278,0,6.4383856878109E-10
0,0.00941,0.031425,0,-8.769077469660304E-11
0.014822,0.007223,0.014855,0,1.4003689104900965E-9
0.014314,0,0.017308,0,-1.4776011812037077E-10
0.019372,0,0.014406,0,-5.468251900709252E-10
0.025278,0,0.011427,0,2.7848491754684695E-10
0.016027,0.006366,0.021899,0,5.972630289135573E-11
0.013077,0,0.021914,0,1.5882945069065858E-10
0.01896,0,0.021589,0,8.583425682897612E-11
0.01549,0,0.0248,0,-6.52557177072852E-11
0.012048,0,0.026449,0,-8.849694025067659E-11
0.017873,0,0.029246,0,-8.652844868338376E-12
0,0.005269,0.036297,0,-3.5135188539378203E-12
0,0,0.039623,0,-9.664165069343155E-13
0.005347,0,0.036303,0,-8.051655654598066E-12
0.006354,0,0.043634,0,3.2788099767582114E-12
0,0.00669,0.043711,0,-1.691159303104007E-13
0,0,0.047644,0,-9.84484731760154E-13
0,0,0.068979,0,5.5718385626742544E-14
0.010164,0,0.074617,0,9.231878772795022E-15
0,0.011915,0.075813,0,8.758363227887121E-15
0,0,0.083043,0,-4.391725807403617E-14
0,0.021914,0.013077,0,3.037318428294271E-10
0.006452,0.024312,0.01314,0,-7.467227253953365E-10
0,0.026449,0.012048,0,1.6958621939462246E-10
0,0.0248,0.01549,0,9.41393209139384E-11
0,0.021589,0.01896,0,4.371337808380919E-10
0.004781,0.035703,0,0,-1.9730969285167663E-11
0,0.036303,0.005347,0,-7.694635021774366E-12
0,0.039623,0,0,9.501132878217842E-12
0.00603,0.043662,0,0,3.0413678664704318E-12
0,0.043634,0.006354,0,9.313156897392287E-13
0,0.047644,0,0,-1.786086968921406E-12
0.019142,0.01709,0.006246,0,5.748465614834881E-10
0.026302,0.017678,0,0,-1.9253998406371232E-11
0.02011,0.020498,0,0,-4.4977152187075916E-10
0.008521,0.030048,0.008223,0,4.143221319614874E-11
0.018368,0.025409,0,0,-1.0192987634309033E-10
0.012843,0.023679,0.005907,0,1.5981011099225013E-10
0.013571,0.026499,0,0,-8.58547978162724E-11
0,0.029246,0.017873,0,1.6674384243796787E-11
0.010811,0.032628,0,0,3.813559345537039E-12
0,0.032337,0.010592,0,4.739679847623807E-11
0,0.038986,0.010694,0,-1.227190419925735E-11
0.025505,0,0.025982,0,-4.777537668100149E-11
0.043711,0,0.00669,0,-3.2593623765059935E-13
0.043099,0.007984,0,0,-2.1066088069465521E-13
0.047644,0,0,0,5.717246819912781E-13
0.057317,0,0,0,-4.2174789908897055E-14
0.052663,0.007845,0,0,1.31353899865845E-13
0.052123,0,0.007952,0,-1.1524675850381686E-13
0.011584,0.011558,0.020307,0,-7.899193250405698E-10
0.006628,0.018106,0.021062,0,-6.904433674670239E-11
0,0.018343,0.025122,0,2.2172017979826116E-11
0.028812,0.008982,0.008749,0,1.2314015355853753E-10
0.031425,0,0.00941,0,-3.1628098537052757E-11
0.020099,0.011348,0.011168,0,-1.0147197733452516E-9
0.037945,0.008263,0.008865,0,-1.6596174022297775E-12
0.038602,0,0.012766,0,7.645110359809975E-12
0.047454,0,0.014925,0,1.1416500858246738E-12
0.036672,0.010191,0,0,-8.097130884842408E-12
0.031379,0,0.015728,0,-5.163049281052758E-11
0.03677,0,0.021321,0,1.482645274643217E-11
0.025122,0,0.018343,0,-4.2813658355192057E-11
0.03205,0.01347,0,0,-5.013759021943844E-11
0.039776,0.015663,0,0,8.584642920608936E-12
0,0.007952,0.052123,0,1.872192426990532E-13
0.007603,0,0.052461,0,-3.7827498920416737E-13
0,0,0.057317,0,2.4542926813234875E-13
0,0.009695,0.06265,0,-1.3237438982446598E-13
0.009172,0,0.063003,0,-6.904989944552355E-14
0.010592,0,0.032337,0,2.9513607357648417E-12
0.010694,0,0.038986,0,-1.7718706519472618E-11
0.008786,0.009059,0.02871,0,3.841362648163463E-11
0,0.012766,0.038602,0,6.6896879139490495E-12
0,0.015728,0.031379,0,-4.952105489149953E-11
0.022797,0.009958,0.021401,0,9.871871187496297E-11
0.030616,0,0.021761,0,-1.8706486725245246E-11
0.018596,0.009933,0.031008,0,3.166894782199341E-11
0.017025,0,0.038417,0,-4.114795265821275E-12
0.025381,0,0.035447,0,-1.0148391742225995E-12
0.023238,0,0.046771,0,-2.4082450984737096E-12
0.010179,0.010005,0.042856,0,-2.2759793487609737E-12
0.014367,0,0.046384,0,2.392153688593649E-12
0,0.014925,0.047454,0,-6.669955730875241E-13
0,0.018316,0.042058,0,3.419479972810763E-12
0.012993,0,0.086555,0,4.3660258927628157E-14
0.017867,0,0.1,0,0
0.013291,0.013291,0.1,0,0
0,0,0.1,0,0
0,0.011294,0.088613,0,5.6076343120147903E-14
0,0.017867,0.1,0,0
0,0.026354,0.08372,0,1.8752213441352573E-14
0.020155,0,0.07648,0,4.3137336182461224E-14
0.012905,0.012848,0.066418,0,-7.764439396606389E-14
0.017766,0,0.067824,0,5.6730704566661546E-14
0.019252,0,0.056808,0,-1.0462661510661665E-13
0,0.022989,0.067943,0,8.574096722419012E-14
0,0.018722,0.055429,0,5.3196133189264706E-14
0,0.030792,0.056551,0,1.2342370931814367E-13
0.015065,0.02753,0.1,0,0
0,0.036742,0.1,0,0
0.027304,0.014399,0.1,0,0
0.028854,0,0.084733,0,-4.344006451697233E-14
0.036742,0,0.1,0,0
0.056682,0,0.1,0,0
0.04578,0,0.085872,0,-4.5320603787163934E-14
0.046712,0.016807,0.1,0,0
0.063153,0,0.084564,0,-1.7052283242401955E-14
0.066803,0.01739,0.1,0,0
0.077747,0,0.1,0,0
0,0.056682,0.1,0,0
0.016342,0.046662,0.1,0,0
0,0.045897,0.083827,0,-5.196518830609887E-14
0,0.021761,0.030616,0,-7.17101562583475E-12
0.010992,0.020263,0.027737,0,4.247767483369776E-11
0,0.021321,0.03677,0,-2.8781142323744732E-12
0.009248,0.025478,0.019338,0,3.179042112212104E-11
0,0.025982,0.025505,0,-3.8806652454701324E-11
0,0.029637,0.034569,0,-2.4600637600650615E-12
0,0.035447,0.025381,0,7.612363741990612E-13
0.006828,0.05251,0,0,-1.8225176529452048E-13
0.009533,0.042138,0.009411,0,-3.72039032553188E-14
0.009988,0.038439,0,0,5.511451935090874E-13
0,0.038417,0.017025,0,-3.417392692484738E-12
0,0.046384,0.014367,0,7.04722803644489E-13
0.018187,0.031077,0,0,-3.433597648361133E-11
0.016795,0.03876,0,0,7.525655252835245E-12
0,0.046771,0.023238,0,-4.584911393057884E-13
0,0.04234,0.033741,0,2.682353653195287E-12
0.009476,0.040779,0.02257,0,9.57852645128294E-14
0,0.054286,0.031746,0,-9.088813060979318E-13
0.014025,0.047326,0,0,-1.3558981589491962E-12
0,0.052461,0.007603,0,-1.9814033842732568E-13
0,0.057317,0,0,2.464659469085835E-13
0.008071,0.062687,0,0,2.577057341129839E-15
0,0.063003,0.009172,0,1.265971359450987E-13
0,0.068979,0,0,-7.305149769074257E-14
0.014083,0.057478,0,0,2.1524980278962303E-14
0,0.074617,0.010164,0,1.5816635134083157E-14
0.008933,0.072898,0,0,1.2995419654992569E-14
0,0.083043,0,0,-4.273213322346094E-14
0.06265,0,0.009695,0,-2.4896639079215717E-14
0.063359,0.009308,0,0,-8.506664798898668E-14
0.068979,0,0,0,2.2642149901184566E-14
0.024383,0.021674,0.0103,0,4.80550408314864E-11
0.033476,0.021103,0,0,-5.074887562828951E-12
0.025274,0.026016,0,0,3.028954735113986E-11
0.014282,0.034733,0.014417,0,-1.1241080001284461E-11
0.025154,0.035556,0,0,-7.874181498518902E-12
0.034569,0,0.029637,0,-1.4845444884499517E-11
0.041093,0.009742,0.022773,0,-4.190024500382476E-12
0.042058,0,0.018316,0,-4.0130363123714085E-12
0.045407,0,0.024252,0,1.2692591261896179E-12
0.044667,0,0.036754,0,5.898186962501824E-13
0.048439,0.016843,0,0,-1.2520781812916087E-12
0.05022,0.025097,0,0,-6.384956941122645E-13
0.043713,0.01915,0.009453,0,5.215005945859236E-13
0.05727,0.01825,0,0,2.5970926569147666E-13
0.042043,0.024137,0,0,2.9689229842261225E-12
0.035033,0.025707,0.010299,0,-1.3596193282798254E-11
0.034572,0.030545,0,0,4.7074783621191055E-12
0.052986,0.013547,0.013579,0,4.0075751911067797E-14
0.055429,0,0.018722,0,-1.5253258181524292E-14
0.037462,0.016063,0.083143,0,5.560853865333409E-14
0.02917,0,0.067751,0,4.4183286803996435E-14
0.039635,0,0.074663,0,1.3987093762966278E-13
0.052193,0,0.072458,0,1.2824548032929307E-13
0.03559,0.015703,0.01571,0,2.0249031810139223E-12
0.01438,0.013973,0.052735,0,6.69510181144124E-13
0,0.024252,0.045407,0,-7.33788555079267E-14
0.016527,0.01708,0.037858,0,-1.3292084363186834E-11
0.031746,0,0.054286,0,-1.1893557433779415E-12
0.042176,0,0.0625,0,-4.609098590661199E-13
0.028709,0.01352,0.04915,0,6.819657240324559E-13
0.044008,0,0.049766,0,1.6237142666901936E-12
0.033741,0,0.04234,0,6.608053605138798E-12
0.034543,0.016952,0.036013,0,-1.676805036307346E-11
0.013967,0.029721,0.045518,0,-6.61711652963889E-13
0,0.036754,0.044667,0,2.3852646557689415E-12
0,0.044378,0.056099,0,-3.380714168418569E-13
0.080301,0,0.080854,0,2.1756525309507552E-16
0.022631,0.022102,0.071138,0,-1.9650937203592558E-13
0,0.037291,0.069379,0,9.679333808923432E-14
0.018274,0.039091,0.080346,0,8.049934072603206E-14
0,0.053301,0.068687,0,1.1283799145324488E-13
0.016878,0.035901,0.060846,0,-3.577023152691699E-13
0.01673,0.066653,0.1,0,0
0,0.064113,0.083159,0,-1.87266534034557E-14
0,0.077747,0.1,0,0
0,0.080854,0.080301,0,-3.433803738017416E-15
0.015457,0.084522,0.1,0,0
0,0.1,0.1,0,0
0.015422,0.1,0.084687,0,0
0,0.1,0.077747,0,0
0.024283,0.1,0.1,0,0
0.03448,0.036287,0.1,0,0
0.030701,0.056788,0.1,0,0
0.066562,0,0.069529,0,1.0237735553736067E-14
0.055601,0,0.058569,0,-1.5683242404151467E-13
0.063022,0.020442,0.07951,0,3.931475597215876E-14
0.056258,0.035256,0.1,0,0
0.1,0,0.077747,0,0
0.1,0.015515,0.084634,0,0
0.1,0,0.1,0,0
0.084674,0.015579,0.1,0,0
0.1,0.024283,0.1,0,0
0.07882,0.036221,0.1,0,0
0.015596,0.060963,0.064168,0,1.8892480135369093E-14
0,0.069529,0.066562,0,-2.5121842920382977E-14
0,0.058569,0.055601,0,-1.7333199023452518E-13
0,0.072458,0.052193,0,1.1637003802877135E-13
0.016522,0.035852,0.032069,0,-8.946268444058017E-12
0,0.049766,0.044008,0,1.2375839797209432E-12
0.015703,0.058824,0.031245,0,9.56301852906781E-13
0,0.067751,0.02917,0,-9.467813417518374E-14
0,0.0625,0.042176,0,-4.506423176291384E-13
0,0.074663,0.039635,0,-1.1882706109015469E-13
0,0.056808,0.019252,0,-3.1843814020466915E-13
0,0.067824,0.017766,0,-1.0774675667887188E-13
0.016249,0.051732,0.01652,0,7.356936434068447E-13
0.022286,0.040579,0.009456,0,1.5192795889040843E-12
0.023744,0.046177,0,0,-3.3519879972194866E-13
0.034082,0.04174,0,0,2.3087391510576466E-12
0.021844,0.056229,0,0,-1.5080064545934336E-13
0.032043,0.053367,0,0,-1.1328862159150435E-12
0,0.07648,0.020155,0,1.4021299004510585E-13
0.01297,0.067449,0.012327,0,-1.9015210686827612E-13
0,0.086555,0.012993,0,7.741842998470254E-14
0.019647,0.068638,0,0,1.4400971683133351E-13
0.029944,0.062158,0,0,-3.862857049343271E-14
0.013736,0.08139,0,0,7.464136016470643E-14
0.007988,0.091521,0,0,-3.469947033168386E-14
0.013275,0.1,0.013275,0,0
0,0.1,0.017867,0,0
0,0.1,0,0,0
0.045421,0.03515,0,0,-5.531135530194222E-13
0.083043,0,0,0,1.658447364901358E-14
0.075813,0,0.011915,0,-3.7728581527403103E-14
0.088613,0,0.011294,0,-2.7743375895550332E-15
0.076011,0.01114,0,0,-1.8151185219189346E-14
0.088702,0.011218,0,0,-1.1401956033474063E-14
0.1,0,0,0,0
0.017036,0.1,0.066842,0,0
0,0.084564,0.063153,0,-2.8345106773568468E-16
0,0.1,0.056682,0,0
0,0.085872,0.04578,0,-3.183596153601433E-15
0.016945,0.1,0.046848,0,0
0,0.1,0.036742,0,0
0.068681,0.013826,0.014068,0,4.8024387642261487E-14
0.08372,0,0.026354,0,-2.2418244002308966E-14
0.1,0.013291,0.013291,0,0
0.1,0,0.017867,0,0
0.067943,0,0.022989,0,1.6918624600639974E-13
0.068045,0.02154,0,0,1.0902564050843368E-13
0.031441,0.036016,0.016099,0,-1.0042805549804549E-11
0.04543,0.034557,0.014183,0,1.6703058843092332E-12
0.057796,0.030259,0,0,3.387027470963599E-14
0.060572,0.028341,0.016548,0,-5.648622528014804E-13
0.04815,0.013493,0.034425,0,2.5095553416388073E-12
0.056551,0,0.030792,0,-6.509010852519298E-13
0.056099,0,0.044378,0,-6.738443134107152E-13
0.069379,0,0.037291,0,2.6453508308822175E-13
0.06069,0.016634,0.02872,0,-4.92468861108482E-13
0.1,0.017292,0.066681,0,0
0.083159,0,0.064113,0,1.1815183250030499E-14
0.1,0,0.056682,0,0
0.083827,0,0.045897,0,-1.4991989116052476E-14
0.1,0.016853,0.04665,0,0
0.1,0,0.036742,0,0
0.1,0.01515,0.027528,0,0
0.045197,0.02545,0.069479,0,-3.4600722131240325E-13
0.049814,0.021553,0.046534,0,1.0416489984293774E-12
0.020954,0.048744,0.048687,0,7.307789882520733E-13
0.0729,0.026999,0.062106,0,-4.5514743972141634E-14
0.068687,0,0.053301,0,8.107238321183279E-14
0.072563,0.018144,0.044443,0,-2.8432817346824467E-14
0.029502,0.050569,0.068745,0,-1.7544363143059127E-13
0.024643,0.075718,0.070063,0,2.2778644694500314E-14
0.036272,0.078212,0.1,0,0
0.035793,0.1,0.078845,0,0
0.049038,0.1,0.1,0,0
0.052463,0.047512,0.071147,0,7.629046220351409E-14
0.048279,0.057004,0.1,0,0
0.046908,0.070185,0.079174,0,-2.980962558109509E-15
0.065118,0.052301,0.1,0,0
0.071873,0.040762,0.079448,0,-7.393576450041076E-15
0.1,0.036,0.078744,0,0
0.1,0.049038,0.1,0,0
0.061958,0.07547,0.1,0,0
0.08112,0.060977,0.1,0,0
0.016051,0.083143,0.037462,0,8.204666274337698E-15
0,0.084733,0.028854,0,-6.428869524942532E-15
0.015257,0.1,0.027642,0,0
0.022118,0.071144,0.022613,0,-2.952715599797267E-13
0.025417,0.069479,0.045197,0,-1.8471110308617758E-13
0.043851,0.049342,0,0,4.2587915073962156E-13
0.035076,0.058738,0.016018,0,7.910127029220118E-13
0.040951,0.060613,0,0,-2.3318539970196715E-13
0.035234,0.071943,0,0,-6.527374420220545E-14
0.028268,0.084007,0,0,7.712824280770843E-14
0.027304,0.1,0.013981,0,0
0.017867,0.1,0,0,0
0.056241,0.044521,0,0,-4.683551321565619E-13
0.069329,0.036837,0,0,1.665390834559197E-13
0.083708,0.025915,0,0,-3.439375494871165E-15
0.1,0.017867,0,0,0
0.1,0.027304,0.014399,0,0
0.03389,0.1,0.056425,0,0
0.035963,0.1,0.034462,0,0
0.074166,0.027289,0.027,0,4.609078530451894E-14
0.050092,0.047051,0.021718,0,5.138289206088261E-13
0.067298,0.045258,0.01602,0,-4.157118273021091E-14
0.1,0.034467,0.056273,0,0
0.1,0.036005,0.034494,0,0
0.074103,0.043827,0.044711,0,1.3413248066049383E-14
0.049846,0.073642,0.05491,0,7.274839649764246E-14
0.052368,0.1,0.065356,0,0
0.060685,0.1,0.081145,0,0
0.074274,0.1,0.1,0,0
0.069506,0.063303,0.069572,0,-8.047501962669732E-15
0.081249,0.080269,0.1,0,0
0.1,0.060788,0.081186,0,0
0.1,0.074274,0.1,0,0
0.1,0.052424,0.065337,0,0
0.080269,0.1,0.081249,0,0
0.1,0.080269,0.081249,0,0
0.1,0.1,0.1,0,0
0.038144,0.079856,0.017092,0,3.6756479592314036E-14
0.05419,0.058042,0,0,-1.584691095629352E-13
0.050735,0.071481,0,0,-5.6740681071148435E-14
0.048998,0.069297,0.028664,0,-1.8852056983743917E-13
0.046296,0.1,0.016636,0,0
0.045206,0.084462,0,0,-1.1467686843296967E-14
0.036742,0.1,0,0,0
0.068914,0.054029,0,0,6.274858849183262E-14
0.084111,0.046282,0,0,-1.192585195659839E-14
0.1,0.046299,0.016637,0,0
0.1,0.036742,0,0,0
0.056168,0.1,0.048394,0,0
0.056644,0.1,0.030509,0,0
0.073705,0.059132,0.025928,0,-5.720291944356511E-15
0.1,0.055559,0.048374,0,0
0.1,0.056712,0.030823,0,0
0.075075,0.075715,0.046698,0,2.3777526044755378E-14
0.075305,0.1,0.061973,0,0
0.1,0.075304,0.062109,0,0
0.1,0.1,0.074274,0,0
0.066165,0.069605,0,0,2.0654526587056542E-14
0.066029,0.077688,0.01948,0,2.5097866825780622E-14
0.062419,0.08492,0,0,-2.8840126255408924E-15
0.066591,0.1,0.016779,0,0
0.056682,0.1,0,0,0
0.083169,0.064732,0,0,-7.192980699492024E-15
0.1,0.067214,0.017608,0,0
0.1,0.056682,0,0,0
0.078203,0.1,0.036272,0,0
0.1,0.078483,0.037002,0,0
0.1,0.1,0.049038,0,0
0.081477,0.08295,0,0,-7.391719329986435E-15
0.1,0.084603,0.016055,0,0
0.084508,0.1,0.015467,0,0
0.077747,0.1,0,0,0
0.1,0.077747,0,0,0
0.1,0.1,0.024283,0,0
0.1,0.1,0,0,0
0.002778,0.002767,0.00187,0,-0.0014443286892929343
0.002203,0.002194,0.002588,0,-1.0863937885474457E-4
0.004126,0.002115,0.002086,0,4.4932336830337083E-4
0.003583,0.00357,0.00421,0,1.2430322715575944E-6
0.00553,0.005338,0.005297,0,6.406714200892834E-7
0.004757,0.00828,0.004853,0,8.272188417347801E-7
0.00905,0.009048,0.009096,0,-3.6802400270665146E-8
0.012705,0.020109,0.011592,0,-2.917557047997719E-10
0.0216,0.021612,0.021693,0,9.034236350709625E-11
0.021786,0.041208,0.021773,0,-7.913637139234848E-12
0.046102,0.024869,0.024536,0,3.35340562587846E-12
0.033156,0.033376,0.032628,0,-4.636082205096544E-12
0.028491,0.028459,0.049049,0,2.8089504811839525E-12
0.02853,0.049038,0.028574,0,1.7106303836259882E-12
0.05857,0.034387,0.03543,0,-2.916248269113881E-14
0.050446,0.047959,0.047952,0,-1.0839131503504548E-13
