% Model,gmshNewMeshX10Dif.mph
% Version,COMSOL 5.5.0.359
% Date,"Aug 12 2024, 20:25"
% Dimension,3
% Nodes,1730
% Expressions,1
% Description,Dependent variable
% Length unit,m
% x,y,z,Tcell (kg/m^3) @ t=0
0,0,3.75E-4,399.99999999999994
2.75E-4,0,2.75E-4,399.99999999999994
0,0,0,399.99999999999994
0,2.75E-4,2.75E-4,399.99999999999994
2.75E-4,2.75E-4,0,399.99999999999994
3.75E-4,0,0,399.99999999999994
0,3.75E-4,0,399.99999999999994
0,3.13E-4,5.78E-4,399.9999999999999
3.38E-4,0,6.12E-4,399.99999999999994
0,0,7.5E-4,399.99999999999994
5.78E-4,0,3.13E-4,399.9999999999999
5.62E-4,3.25E-4,0,399.9999999999999
7.5E-4,0,0,399.99999999999994
3.35E-4,6.11E-4,0,399.99999999999994
0,6.12E-4,3.38E-4,399.99999999999994
0,7.5E-4,0,399.99999999999994
9.31E-4,3.27E-4,0,400
9.4E-4,0,3.24E-4,400
0.001125,0,0,399.99999999999994
2.34E-4,9.37E-4,0,399.99999999999994
0,9.46E-4,2.39E-4,399.99999999999994
0,0.001125,0,399.99999999999994
0,3.24E-4,9.4E-4,400
2.39E-4,0,9.46E-4,399.99999999999994
0,0,0.001125,399.99999999999994
4.26E-4,4.21E-4,4.32E-4,399.99999999999994
7.48E-4,0,6.51E-4,399.9999999999999
7.34E-4,6.44E-4,0,399.9999999999999
0,6.51E-4,7.48E-4,399.9999999999999
4.32E-4,4.27E-4,9.35E-4,399.99999999999994
5.53E-4,0,9.68E-4,399.99999999999994
0,6.51E-4,0.001125,399.9999999999999
9.3E-4,4.29E-4,4.3E-4,399.9999999999999
8.81E-4,3.64E-4,8.22E-4,399.99999999999994
9.33E-4,0,9.79E-4,399.99999999999994
0.001125,0,6.51E-4,400
0.001313,3.25E-4,0,399.9999999999999
0.001313,0,3.25E-4,399.9999999999999
0.0015,0,0,399.99999999999994
0.001687,3.25E-4,0,400
0.001687,0,3.25E-4,400
0.001875,0,0,399.99999999999994
3.98E-4,8.56E-4,3.97E-4,399.99999999999994
0,9.68E-4,5.53E-4,400
5.42E-4,9.68E-4,0,400
0.001113,6.52E-4,0,399.9999999999999
3.28E-4,0.001312,0,399.99999999999994
0,0.001312,3.28E-4,399.99999999999994
0,0.0015,0,399.99999999999994
2.44E-4,0.001687,0,399.9999999999999
0,0.001687,2.44E-4,399.99999999999994
0,0.001875,0,399.99999999999994
3.28E-4,0,0.001312,399.99999999999994
0,3.25E-4,0.001313,399.9999999999999
0,0,0.0015,399.99999999999994
0,3.25E-4,0.001687,400
2.44E-4,0,0.001687,399.99999999999994
0,0,0.001875,399.99999999999994
7.39E-4,0,0.00131,399.9999999999999
0.00225,0,0,399.99999999999994
0.002625,0,0,399.99999999999994
0.002424,2.88E-4,0,400
0.002424,0,2.88E-4,400
0.001313,0,9.81E-4,399.9999999999999
0.002054,0,3.19E-4,399.9999999999999
0.002054,3.19E-4,0,399.9999999999999
9.13E-4,9.72E-4,0,399.9999999999999
0.001308,9.79E-4,0,399.9999999999999
7.97E-4,9.62E-4,3.97E-4,399.99999999999994
7.27E-4,0.001309,0,399.9999999999999
0.001117,0.001309,0,400
0,9.79E-4,9.33E-4,399.9999999999999
4.07E-4,9.86E-4,8.09E-4,399.9999999999999
0,9.81E-4,0.001313,399.9999999999999
0,0.00131,7.39E-4,400
0,0.001311,0.001122,400
5.35E-4,0.001145,0.001182,399.9999999999999
0,0.001309,0.001504,399.9999999999999
5.87E-4,6.0E-4,0.001314,399.99999999999994
0,6.51E-4,0.001503,400
5.49E-4,0,0.001644,399.9999999999999
0.001108,5.27E-4,0.001108,399.9999999999999
0.001122,0,0.001311,399.99999999999994
0.001314,5.84E-4,5.85E-4,399.9999999999999
0.001503,0,6.51E-4,399.9999999999999
0.001501,6.52E-4,0,400
0.001787,4.69E-4,4.69E-4,399.99999999999994
0.001876,0,6.49E-4,399.99999999999994
0.00226,0,6.07E-4,399.9999999999999
0.001875,6.49E-4,0,400
0.001897,3.54E-4,8.36E-4,400
0.001692,0,9.8E-4,399.99999999999994
0.002078,0,9.63E-4,399.99999999999994
6.08E-4,0.001304,6.1E-4,399.9999999999999
5.48E-4,0.001644,0,399.9999999999999
0,0.001644,5.49E-4,399.9999999999999
0.001147,0.001129,5.41E-4,399.99999999999994
0,0.00225,0,399.99999999999994
0,0.002625,0,399.99999999999994
0,0.002421,2.89E-4,400
2.89E-4,0.002421,0,400
0,0.002725,2.58E-4,399.99999999999994
4.73E-4,0.001816,4.73E-4,399.99999999999994
3.43E-4,0.002011,0,399.99999999999994
7.37E-4,0.001963,0,399.99999999999994
0,0.002011,3.43E-4,399.99999999999994
0,0.001963,7.37E-4,399.99999999999994
0,0.002288,6.03E-4,399.9999999999999
0.00226,6.07E-4,0,399.9999999999999
0.001573,9.53E-4,4.53E-4,399.9999999999999
0.001992,8.45E-4,4.22E-4,399.99999999999994
0.001503,0.001308,0,399.9999999999999
0.001691,9.8E-4,0,400
0.002078,9.63E-4,0,400
6.03E-4,0.002288,0,399.9999999999999
8.45E-4,0.001945,3.88E-4,399.99999999999994
9.02E-4,0.002239,0,399.9999999999999
9.27E-4,0.00164,0,399.99999999999994
0.001138,0.002007,0,399.99999999999994
4.49E-4,9.44E-4,0.00159,399.9999999999999
0,9.8E-4,0.001692,400
0,6.49E-4,0.001876,400
0.001504,0,0.001309,399.9999999999999
0.001913,0,0.001325,399.99999999999994
4.62E-4,4.66E-4,0.001817,399.99999999999994
0,3.19E-4,0.002054,399.9999999999999
3.43E-4,0,0.002011,399.99999999999994
7.37E-4,0,0.001963,399.99999999999994
0,0,0.00225,399.99999999999994
0,6.07E-4,0.00226,400
0.001037,4.72E-4,0.001587,399.99999999999994
9.27E-4,0,0.00164,399.99999999999994
0.0013,0,0.001633,400
8.46E-4,3.96E-4,0.001943,400
0.001138,0,0.002007,399.99999999999994
6.03E-4,0,0.002288,399.9999999999999
9.02E-4,0,0.002239,399.9999999999999
4.18E-4,8.48E-4,0.002006,399.9999999999999
0,9.63E-4,0.002078,399.99999999999994
0,0.001325,0.001913,399.99999999999994
0,2.88E-4,0.002424,399.9999999999999
2.89E-4,0,0.002421,399.9999999999999
0,0,0.002625,399.99999999999994
2.58E-4,0,0.002725,399.99999999999994
0,2.56E-4,0.002726,399.9999999999999
1.84E-19,-4.5E-35,0.003,199.99999999999997
0.00258,3.7E-4,3.7E-4,399.99999999999994
0.002631,0,5.4E-4,399.9999999999999
0.002502,0,8.7E-4,399.9999999999999
0.002726,0,2.56E-4,399.99999999999994
0.002726,2.56E-4,0,399.99999999999994
0.002631,5.4E-4,0,399.9999999999999
0.003,-3.7E-19,2.49E-16,199.99999999999997
0.001594,4.72E-4,0.001069,399.99999999999994
0.002291,5.74E-4,5.74E-4,399.99999999999994
0.002169,5.08E-4,0.001087,399.99999999999994
0.002372,0,0.001185,400
0.002258,0,0.001526,399.99999999999994
3.42E-4,0.00144,0.001689,399.99999999999994
0,0.001669,0.001657,399.99999999999994
3.93E-4,0.001949,8.52E-4,399.99999999999994
0,0.002239,9.02E-4,399.9999999999999
0,0.00164,9.27E-4,399.99999999999994
0,0.002007,0.001138,399.99999999999994
0,0.001633,0.0013,399.9999999999999
0.001032,0.001598,4.74E-4,399.99999999999994
0.001913,0.001325,0,399.99999999999994
0.0013,0.001633,0,399.9999999999999
4.61E-4,0.001615,0.00108,399.9999999999999
0.001578,7.08E-4,0.001499,399.99999999999994
0.001657,0,0.001669,400
0.00156,0.001496,7.1E-4,399.9999999999999
0.001657,0.001668,0,399.99999999999994
2.58E-4,0.002725,0,399.99999999999994
0,0.003,0,199.99999999999997
3.75E-4,0.002572,3.75E-4,399.99999999999994
5.26E-4,0.002626,0,399.99999999999994
8.59E-4,0.002545,0,399.9999999999999
0,0.002626,5.26E-4,399.9999999999999
0,0.002545,8.59E-4,399.9999999999999
0,0.002898,7.76E-4,160
0,0.002974,3.92E-4,199.99999999999997
3.61E-4,0.002919,5.89E-4,180
2.86E-4,0.002973,2.86E-4,183.3333333333333
3.92E-4,0.002974,0,199.99999999999997
0,0.002772,0.001148,199.99999999999997
3.07E-4,0.002823,9.67E-4,228.57142857142853
0,0.002392,0.001172,400
3.22E-4,0.002675,0.001319,200
0,0.002598,0.0015,199.99999999999997
0,0.002233,0.001486,399.9999999999999
4.24E-4,0.00232,0.001023,399.99999999999994
5.74E-4,0.002298,6.02E-4,399.99999999999994
5.76E-4,0.002825,8.3E-4,224.99999999999997
0.00241,9.98E-4,3.95E-4,399.99999999999994
0.002502,8.7E-4,0,399.99999999999994
0.002372,0.001185,0,400
0.002772,0.001148,0,239.99999999999997
0.002033,0.001257,5.39E-4,399.99999999999994
0.002258,0.001526,0,399.99999999999994
0.002026,0.001792,0,400
0.001004,0.002312,4.42E-4,399.99999999999994
0.001173,0.002392,0,400
0.001486,0.002233,0,399.99999999999994
0.001313,0.00199,5.48E-4,399.99999999999994
0.00147,0.001912,0,399.9999999999999
0,8.7E-4,0.002502,399.99999999999994
0,0.001185,0.002372,399.9999999999999
5.5E-4,0.001285,0.002009,399.99999999999994
0,0.001526,0.002258,399.99999999999994
0,0.001792,0.002026,399.9999999999999
0.001904,4.34E-4,0.001676,399.9999999999999
0.001767,0,0.002017,399.9999999999999
0.00147,0,0.001912,399.9999999999999
0.002026,0,0.001792,400
5.68E-4,5.69E-4,0.002294,399.9999999999999
5.26E-4,0,0.002626,400
8.59E-4,0,0.002545,399.9999999999999
0,5.4E-4,0.002631,400
0.0015,-3.7E-19,0.002598,199.99999999999997
0.001172,0,0.002392,399.99999999999994
0.001337,3.47E-4,0.002663,218.18181818181816
0.001486,0,0.002233,399.9999999999999
0.001148,-2.8E-19,0.002772,160
0.001311,5.49E-4,0.001983,399.99999999999994
0.001011,4.41E-4,0.002317,399.9999999999999
7.65E-4,9.78E-4,0.002268,399.99999999999994
0.001228,6.69E-4,0.002654,166.66666666666663
0.001488,6.59E-4,0.00252,199.99999999999997
2.8E-4,3.95E-4,0.002961,242.8571428571428
3.92E-4,-9.6E-20,0.002974,199.99999999999997
0,3.92E-4,0.002974,199.99999999999997
5.82E-4,3.4E-4,0.002923,166.66666666666663
7.76E-4,-1.9E-19,0.002898,199.99999999999997
9.82E-4,4.6E-4,0.002797,199.99999999999997
3.11E-4,6.73E-4,0.002907,200
0,7.76E-4,0.002898,199.99999999999997
3.91E-4,9.77E-4,0.002809,200
0,0.001148,0.002772,199.99999999999997
0.001002,8.95E-4,0.002682,200
0.002805,3.36E-4,0.001008,246.15384615384613
0.002898,-7.1E-19,7.76E-4,199.99999999999997
0.002772,-6.8E-19,0.001148,199.99999999999997
0.002799,6.11E-4,8.9E-4,257.1428571428571
0.002822,9.64E-4,3.3E-4,199.99999999999994
0.002898,7.76E-4,0,199.99999999999997
0.002973,2.86E-4,2.86E-4,183.3333333333333
0.002974,-7.3E-19,3.92E-4,199.99999999999997
0.002974,3.92E-4,0,199.99999999999997
0.002913,3.71E-4,6.12E-4,163.63636363636363
0.00283,7.67E-4,6.35E-4,218.18181818181816
0.002923,5.97E-4,3.11E-4,200
0.00238,-5.8E-19,0.001826,199.99999999999997
0.002598,-6.4E-19,0.0015,199.99999999999997
0.002477,3.22E-4,0.001661,200
0.002246,3.21E-4,0.001963,200
0.001978,3.06E-4,0.002234,222.22222222222217
0.002121,-5.2E-19,0.002121,160
0.001826,-4.5E-19,0.00238,199.99999999999997
0.002661,3.4E-4,0.001344,166.66666666666663
0.002454,6.91E-4,0.001582,216.66666666666663
0.002693,8.98E-4,9.7E-4,200
0.002264,9.66E-4,7.85E-4,399.99999999999994
0.002513,9.72E-4,0.001319,200
0.00207,9.76E-4,0.001187,399.99999999999994
0.002661,6.58E-4,0.00122,149.99999999999997
0,0.002017,0.001767,400
0,0.001912,0.00147,399.9999999999999
4.25E-4,0.001837,0.001754,399.9999999999999
5.23E-4,0.00202,0.001341,399.99999999999994
3.31E-4,0.002479,0.001657,215.38461538461536
0,0.00238,0.001826,199.99999999999997
6.41E-4,0.002543,0.001456,181.8181818181818
0.001021,0.001244,0.002532,199.99999999999997
6.95E-4,0.001139,0.002687,171.4285714285714
0.001744,0.001833,4.35E-4,399.9999999999999
0.001767,0.002017,0,400
9.71E-4,0.002381,0.001546,222.22222222222217
9.78E-4,0.002026,0.001245,399.9999999999999
9.6E-4,0.002825,3.1E-4,218.18181818181816
0.001148,0.002772,0,199.99999999999997
7.76E-4,0.002898,0,199.99999999999997
5.88E-4,0.002926,3.05E-4,218.18181818181816
7.41E-4,0.002847,5.87E-4,181.8181818181818
9.17E-4,0.002582,0.001223,218.18181818181816
6.05E-4,0.00272,0.00111,160
9.17E-4,0.002258,8.59E-4,399.99999999999994
0.001314,0.002676,3.33E-4,166.66666666666663
0.0015,0.002598,0,199.99999999999997
8.5E-4,0.002735,8.91E-4,218.18181818181816
0.001091,0.002723,6.27E-4,200
0.001433,0.002548,6.73E-4,200
0.002541,0.00123,0.001014,160
0.002333,0.00132,0.001347,239.99999999999997
0.001507,0.002392,0.001004,218.18181818181816
0.001172,0.002591,9.57E-4,160
0.001244,0.002405,0.001292,200
0.001506,0.001873,9.19E-4,399.99999999999994
0.002598,0.0015,0,199.99999999999997
0.002673,0.001318,3.4E-4,200
0.002704,0.001114,6.69E-4,160
0.002475,0.001659,3.48E-4,166.66666666666663
0.00238,0.001826,0,199.99999999999997
0.00253,0.001459,6.87E-4,200
0.00234,0.001568,0.001033,218.18181818181816
0.001917,0.001487,9.61E-4,399.99999999999994
0.002306,0.001787,7.0E-4,200
0.002232,0.001972,3.59E-4,215.38461538461536
0.002121,0.002121,0,199.99999999999997
0.001643,0.002487,3.43E-4,184.61538461538458
0.001826,0.00238,0,199.99999999999997
0.001952,0.00225,3.55E-4,200
0.001748,0.002339,6.9E-4,222.22222222222217
3.4E-4,0.001318,0.002673,199.99999999999994
0,0.0015,0.002598,199.99999999999997
9.89E-4,0.001547,0.002372,199.99999999999994
0.001111,0.001058,0.002036,399.99999999999994
6.86E-4,0.001494,0.002509,145.45454545454544
9.65E-4,0.001468,0.001948,399.9999999999999
6.71E-4,0.001778,0.002321,222.22222222222217
3.33E-4,0.001662,0.002475,177.77777777777774
0,0.001826,0.00238,199.99999999999997
3.4E-4,0.001965,0.002241,184.61538461538458
0,0.002121,0.002121,199.99999999999997
3.4E-4,0.002244,0.001962,200
6.76E-4,0.002067,0.002067,200
6.7E-4,0.002326,0.001772,177.77777777777774
0.002209,8.03E-4,0.001865,199.99999999999997
0.001858,0.001014,0.001544,399.99999999999994
0.002332,5.42E-4,0.001808,142.85714285714283
0.002091,5.65E-4,0.002076,171.4285714285714
0.001518,0.001499,0.001506,399.99999999999994
0.001611,0.001659,0.001911,177.77777777777774
0.001225,0.001254,0.001677,399.99999999999994
0.001853,0.001397,0.001901,266.66666666666663
0.001658,3.07E-4,0.002481,171.4285714285714
0.001775,5.8E-4,0.002348,215.38461538461536
0.001918,8.25E-4,0.002154,181.8181818181818
0.001482,9.43E-4,0.001865,399.9999999999999
6.87E-4,7.49E-4,0.002823,166.66666666666663
0.001594,0.00101,0.002332,169.2307692307692
0.001802,0.001116,0.002123,200
0.001296,9.88E-4,0.002519,218.18181818181816
0.001595,0.001362,0.002145,181.8181818181818
0.001311,0.001618,0.00216,222.22222222222217
0.001295,0.0013,0.002374,177.77777777777774
0.002102,0.001373,0.001642,166.66666666666663
0.001689,0.001233,0.001232,399.99999999999994
0.002293,0.001052,0.001624,160
0.001875,0.001677,0.001635,160
0.001601,0.001939,0.001636,200
0.002023,0.001117,0.001913,177.77777777777774
0.00107,0.001773,0.001578,399.9999999999999
0.00129,0.002177,0.001611,181.8181818181818
0.001267,0.001662,0.001213,399.9999999999999
0.001313,0.001913,0.001901,218.18181818181816
0.001001,0.001858,0.002132,160
9.97E-4,0.00214,0.001852,200
0.002042,0.002082,7.04E-4,181.8181818181818
0.00186,0.001931,0.001347,218.18181818181816
0.001566,0.002184,0.001332,200
0.002122,0.001638,0.001346,200
0.001817,0.002153,0.001032,133.33333333333331
0.002096,0.001877,0.00104,177.77777777777774
6.94E-4,6.94E-4,6.95E-4,399.99999999999994
7.79E-4,8.53E-4,0.001083,399.9999999999999
0.001066,8.09E-4,8.17E-4,400
8.14E-4,8.21E-4,0.001845,399.9999999999999
8.56E-4,0.001094,0.001487,399.99999999999994
7.11E-4,0.001544,0.00154,400
8.82E-4,0.001481,0.001094,399.99999999999994
0.001182,8.35E-4,0.001429,399.99999999999994
0.001091,0.001092,0.001109,399.9999999999999
0.001471,0.001081,8.71E-4,399.99999999999994
0.001833,8.21E-4,8.21E-4,399.99999999999994
8.21E-4,0.001839,8.43E-4,399.9999999999999
0.001194,0.001389,8.51E-4,400
0,0.003269,6.5E-4,0
0,0.003301,3.16E-4,0
3.16E-4,0.003301,0,0
0,0.003415,0,0
4.06E-4,0.003658,0,0
0,0.003651,4.13E-4,0
0,0.003894,0,0
0,0.002965,0.001458,0
0.001448,0,0.002961,0
0,0,0.003894,0
0,0,0.003415,0
0,4.06E-4,0.003658,0
4.21E-4,0,0.003651,0
0,6.54E-4,0.003271,0
3.16E-4,0,0.003301,0
0,3.16E-4,0.003301,0
6.5E-4,0,0.003269,0
0,0.001082,0.003163,0
0.00316,0,0.00108,0
0.003269,6.5E-4,0,0
0.003271,0,6.54E-4,0
0.003301,0,3.16E-4,0
0.003301,3.16E-4,0,0
0.003415,0,0,0
0.003894,0,0,0
0.003658,0,4.06E-4,0
0.003651,4.13E-4,0,0
0.003219,0.00115,0,0
0.00277,0,0.001853,0
0.002512,0,0.002198,0
0.003004,0,0.001493,0
0,0.002876,0.001842,0
4.47E-4,0.004171,0,0
0,0.004194,4.41E-4,0
0,0.004448,0,0
4.33E-4,0.003244,8.87E-4,0
0,0.003219,0.00115,0
0,0.003557,9.53E-4,0
0,0.003966,8.72E-4,0
4.97E-4,0.003408,4.76E-4,0
6.54E-4,0.003271,0,0
0.00108,0.00316,0,0
8.33E-4,0.003988,0,0
9.61E-4,0.003581,0,0
6.15E-4,0.003044,0.001495,0
0,0.003275,0.001599,0
0.001493,0.003004,0,0
8.33E-4,0.003147,8.56E-4,0
0.002965,0.001458,0,0
0.002876,0.001842,0,0
0.001853,0.00277,0,0
0.002506,0.002198,0,0
0.002198,0.002512,0,0
0,0.001491,0.002998,0
0,0.001849,0.002771,0
0,0.00251,0.002221,0
0,0.002187,0.002524,0
0.002198,0,0.002506,0
0.00184,0,0.002876,0
0.001367,4.77E-4,0.003175,0
0.001143,0,0.003221,0
0.001596,0,0.003275,0
0,4.47E-4,0.004171,0
4.45E-4,0,0.004196,0
0,0,0.004448,0
4.95E-4,0,0.004768,0
0,5.34E-4,0.004789,0
0,0,0.005088,0
0.001548,9.16E-4,0.002937,0
6.39E-4,7.3E-4,0.003506,0
8.91E-4,0,0.003974,0
9.07E-4,0,0.003566,0
0,8.36E-4,0.003997,0
0,9.63E-4,0.003586,0
5.72E-4,0.001378,0.003241,0
0,0.001469,0.003453,0
0,0.001923,0.003209,0
0.001048,0.001261,0.003056,0
0,0.001325,0.003978,0
0.00329,5.64E-4,0.001132,0
0.003581,0,9.61E-4,0
0.003445,0,0.001465,0
0.003192,0.001097,6.22E-4,0
0.003557,9.53E-4,0,0
0.003275,0.001599,0,0
0.002786,0.001605,0.001024,0
0.003499,7.0E-4,6.43E-4,0
0.003974,0,0.001323,0
0.004171,0,4.47E-4,0
0.004194,4.41E-4,0,0
0.004448,0,0,0
0.004789,0,5.34E-4,0
0.003988,0,8.33E-4,0
0.003966,8.72E-4,0,0
0.005088,0,0,0
0.004768,4.95E-4,0,0
0.003713,0.00143,0,0
0,0.004768,4.95E-4,0
5.34E-4,0.004789,0,0
0,0.005088,0,0
0,0.005451,6.06E-4,0
0.002825,5.09E-4,0.002035,0
0.003201,0,0.001926,0
0.002893,0,0.00223,0
0.002412,4.21E-4,0.002399,0
0.002723,0,0.002657,0
0.002265,0,0.002923,0
0.003198,6.49E-4,0.001666,0
0.00282,0.001323,0.001692,0
0.003112,0.001265,0.001177,0
0.003845,0,0.002019,0
0,0.003427,0.002038,0
0.001179,0.002784,0.001533,0
0.001015,0.002623,0.001982,0
6.69E-4,0.002984,0.001991,0
0,0.002927,0.002267,0
0,0.003202,0.002584,0
7.93E-4,0.004201,8.01E-4,0
0,0.00435,0.001349,0
0,0.003713,0.00143,0
0,0.00444,8.61E-4,0
9.97E-4,0.004409,0,0
0.001323,0.003974,0,0
7.35E-4,0.003487,0.001221,0
0.001397,0.001742,0.002694,0
8.94E-4,0.002166,0.002475,0
0.001127,0.003389,6.24E-4,0
0.001465,0.003445,0,0
0.001734,0.003035,5.36E-4,0
0.001926,0.003201,0,0
0.00223,0.002893,0,0
0.00115,0.003099,0.001208,0
0.001397,0.00295,8.45E-4,0
0.001784,0.002751,9.02E-4,0
0.002579,0.001712,0.001407,0
0.001683,0.002378,0.001729,0
0.001679,0.002714,0.001412,0
0.002081,0.002165,0.001798,0
0.001621,0.001986,0.002285,0
0.003206,0.001584,6.84E-4,0
0.003427,0.002038,0,0
0.002769,0.002131,5.58E-4,0
0.002923,0.002265,0,0
0.002617,0.002036,0.001072,0
0.002326,0.002706,7.05E-4,0
0.002657,0.002723,0,0
0.002483,0.003315,0,0
0.003202,0.002584,0,0
6.68E-4,0.002014,0.002986,0
0,0.002224,0.002906,0
5.33E-4,0.002473,0.002469,0
0,0.002023,0.003843,0
0,0.002678,0.002712,0
0,0.002482,0.003315,0
0.002471,9.15E-4,0.00241,0
0.002036,0.001502,0.002371,0
0.002035,7.23E-4,0.00306,0
0.001311,8.7E-4,0.003525,0
0.002584,0,0.003202,0
0.002038,0,0.003427,0
0.00143,0,0.003713,0
0.001349,0,0.00435,0
0,0,0.005829,0
0,6.23E-4,0.00549,0
6.06E-4,0,0.005451,0
0,6.91E-4,0.006257,0
7.5E-4,0,0.006267,0
0,0,0.006685,0
9.24E-4,9.23E-4,0.004368,0
8.63E-4,0,0.00444,0
0,9.97E-4,0.004409,0
0.001105,0,0.004941,0
7.11E-4,6.85E-4,0.005084,0
0,0.001181,0.005073,0
0,0.00167,0.004556,0
0.001736,0.001373,0.002933,0
0.001107,0.0018,0.003544,0
7.65E-4,0.00211,0.00433,0
0,0.00248,0.004659,0
0,0.002882,0.003915,0
0.002696,6.25E-4,0.002975,0
0.003315,0,0.002483,0
0.003206,0,0.003243,0
0.00435,0.001349,0,0
0.004122,0.00199,0,0
0.00378,0.001083,0.001121,0
0.004409,0,9.97E-4,0
0.002019,0.003845,0,0
0.005451,6.06E-4,0,0
0.00549,0,6.23E-4,0
0.005829,0,0,0
0.006257,0,6.91E-4,0
0.006267,7.5E-4,0,0
0.006685,0,0,0
0.007172,0,8.02E-4,0
0.007234,8.81E-4,0,0
0.007674,0,0,0
0.004556,0,0.001669,0
0.004426,9.87E-4,0.001909,0
0.005073,0,0.001181,0
0.005348,0,0.001983,0
0.004659,0,0.00248,0
0.003915,0,0.002882,0
0.004721,9.2E-4,9.31E-4,0
0.00444,8.61E-4,0,0
0.005863,0,0.001367,0
0.004941,0.001105,0,0
0.005719,0.00147,0,0
0.003947,0.002267,0.001006,0
0.003788,0.002641,0,0
0.004921,0.001847,0,0
0.004634,0.002645,0,0
0.004184,0.003386,0,0
0.008262,0,9.68E-4,0
0.008283,0.001059,0,0
0.008818,0,0,0
6.23E-4,0.00549,0,0
0,0.005829,0,0
0.001567,0.004036,7.52E-4,0
0,0.004941,0.001105,0
7.96E-4,0.005071,7.8E-4,0
0,0.005719,0.00147,0
0.001669,0.004556,0,0
0.00248,0.004659,0,0
0.001181,0.005073,0,0
6.91E-4,0.006257,0,0
0,0.006267,7.5E-4,0
0,0.006685,0,0
8.02E-4,0.007172,0,0
0,0.007234,8.81E-4,0
0,0.007674,0,0
9.68E-4,0.008262,0,0
0,0.008283,0.001059,0
0,0.008818,0,0
8.43E-4,0.004605,0.001633,0
0,0.004122,0.00199,0
0,0.004921,0.001847,0
0,0.005641,0.002512,0
0,0.004634,0.002645,0
0.002526,0.00163,0.002276,0
0.003073,9.54E-4,0.002283,0
0,0.003788,0.002641,0
0,0.003243,0.003206,0
9.0E-4,0.00386,0.002312,0
0,0.004184,0.003386,0
0.001331,0.002381,0.002371,0
0.001057,0.002949,0.002575,0
0.00235,0.002425,0.00139,0
0.002104,0.003245,0.001064,0
0.002962,0.002634,0.001127,0
0.002842,0.003335,7.31E-4,0
0.002882,0.003915,0,0
0.003243,0.003206,0,0
0.003655,0.003927,0,0
9.4E-4,0.002794,0.003563,0
0,0.003655,0.003927,0
0,0.003411,0.004653,0
0.002641,0,0.003788,0
0,0.001983,0.005348,0
0.001977,0.001038,0.004332,0
0.00199,0,0.004122,0
0.002645,0,0.004634,0
0.001847,0,0.004921,0
0.00147,0,0.005719,0
0,0.001367,0.005863,0
9.59E-4,9.29E-4,0.005809,0
0,0.00226,0.006217,0
8.81E-4,0,0.007234,0
0,8.02E-4,0.007172,0
0,0,0.007674,0
0.001528,0,0.006706,0
0,0.001548,0.006691,0
0.001453,0.001646,0.005023,0
0.001184,0.002834,0.00478,0
0,0.002908,0.005544,0
0,0.004008,0.005625,0
0.002512,0,0.005641,0
0,9.68E-4,0.008262,0
0.001059,0,0.008283,0
0,0,0.008818,0
0.003716,0.001106,0.003272,0
0.003927,0,0.003655,0
0.003386,0,0.004184,0
0.002556,0.001365,0.003234,0
0.004653,0,0.003411,0
0.002589,0.004406,0.00124,0
0.003866,0.003507,0.001213,0
0.004557,0.004477,0,0
0.005303,0.003481,0,0
0.003411,0.004653,0,0
0.005412,0.00145,0.001513,0
0.006706,0.001528,0,0
0.006562,0.002402,0,0
0.006217,0,0.00226,0
0.005641,0.002512,0,0
0.006691,0,0.001548,0
0.007225,0.001413,0.00142,0
0.007081,0,0.002408,0
0.007604,0.001881,0,0
0.00763,0,0.00179,0
0.004963,0.001284,0.002778,0
0.005544,0,0.002908,0
0.005625,0,0.004008,0
0.005143,0.00262,0.001147,0
0.006652,0.003315,0,0
0.008768,0.001383,0.001429,0
0.008688,0.002288,0,0
0.008721,0,0.002112,0
0.009479,0,0.001068,0
0.010071,0,0.002411,0
0.01014,0,0,0
0.009479,0.001263,0,0
0.010894,0.001238,0,0
0.010905,0,0.001234,0
0.011669,0,0,0
0.012129,0.00119,0,0
0.001367,0.005863,0,0
0.002908,0.005544,0,0
0.001983,0.005348,0,0
0.001513,0.005412,0.001424,0
0,0.006706,0.001528,0
0,0.006562,0.002402,0
0.001548,0.006691,0,0
0.00142,0.007225,0.001413,0
0,0.007604,0.001881,0
0.00179,0.00763,0,0
0.002408,0.007081,0,0
0,0.007613,0.003001,0
0.001404,0.008728,0.001362,0
0,0.008688,0.002288,0
0.002112,0.008721,0,0
0.001068,0.009479,0,0
0,0.009479,0.001263,0
0,0.01014,0,0
0.002411,0.010071,0,0
0.001234,0.010905,0,0
0,0.010894,0.001238,0
0,0.011669,0,0
0,0.012129,0.00119,0
0,0.010068,0.002817,0
0.001446,0.006017,0.003714,0
0,0.006652,0.003315,0
0,0.005303,0.003481,0
0,0.006084,0.004461,0
0,0.004557,0.004477,0
0,0.007479,0.004312,0
0.001835,0.004502,0.003257,0
0,0.005348,0.005771,0
0.001736,0.003924,0.005007,0
0,0.004544,0.006683,0
0.002994,0.001529,0.004735,0
0.004477,0,0.004557,0
0.003481,0,0.005303,0
0.001478,0.002808,0.006095,0
0,0.003366,0.006694,0
0,0.002408,0.007081,0
0.002447,0.001441,0.006133,0
0.002402,0,0.006562,0
0.001413,0.00142,0.007225,0
0.001881,0,0.007604,0
0,0.00179,0.00763,0
0.003315,0,0.006652,0
0.003001,0,0.007613,0
0.001569,0.002794,0.007997,0
0,0.002944,0.007841,0
0,0.002112,0.008721,0
0,0.003481,0.009071,0
0,0.004489,0.007808,0
0.001362,0.001404,0.008728,0
0.002288,0,0.008688,0
0.001263,0,0.009479,0
0,0.001068,0.009479,0
0,0.002411,0.010071,0
0,0,0.01014,0
0.001238,0,0.010894,0
0,0.001234,0.010905,0
0,0,0.011669,0
0.00119,0,0.012129,0
0.007022,0.002817,0.001284,0
0.007613,0.003001,0,0
0.007479,0.004312,0,0
0.010068,0.002817,0,0
0.00875,0.00374,0,0
0.007305,0.001379,0.002897,0
0.006694,0,0.003366,0
0.007841,0,0.002944,0
0.009071,0,0.003481,0
0.007808,0,0.004489,0
0.006683,0,0.004544,0
0.006157,0.001756,0.004269,0
0.004331,0.001956,0.004028,0
0.005771,0,0.005348,0
0.005014,0.003724,0.001993,0
0.006084,0.004461,0,0
0.006597,0.004498,0.00171,0
0.005348,0.005771,0,0
0.003481,0.005279,0.0017,0
0.004008,0.005625,0,0
0.006931,0.00579,0,0
0.008484,0.00541,0,0
0.00933,0.002543,0.002561,0
0.010575,0,0.003882,0
0.010959,0.00356,0,0
0.011179,0.001918,0.001918,0
0.011566,0,0.00261,0
0.011553,0.002553,0,0
0.013092,0.002156,0,0
0.012549,0,0.001383,0
0.013436,0,0,0
0.014457,0,0.00165,0
0.013225,0,0.002991,0
0.014645,0.001553,0,0
0.015479,0,0,0
0.00226,0.006217,0,0
0.002884,0.006887,0.001424,0
0.003366,0.006694,0,0
0.004538,0.0068,0.001855,0
0.004544,0.006683,0,0
0.002944,0.007841,0,0
0.004489,0.007808,0,0
0.005959,0.007422,0,0
0.001383,0.012549,0,0
0,0.013436,0,0
0.002342,0.009378,0.002341,0
0.003481,0.009071,0,0
0.003882,0.010575,0,0
0.001512,0.007668,0.003669,0
0,0.00875,0.00374,0
0,0.008484,0.00541,0
0.001892,0.011298,0.001876,0
0.00261,0.011566,0,0
0.002991,0.013225,0,0
0,0.013092,0.002156,0
0,0.010959,0.00356,0
0,0.011553,0.002553,0
0,0.010058,0.004645,0
0,0.006931,0.00579,0
0.002543,0.00607,0.005315,0
0,0.005959,0.007422,0
0.007422,0,0.005959,0
0.002169,0.004947,0.007266,0
0,0.005104,0.009271,0
0.004455,0.002037,0.006059,0
0.004461,0,0.006084,0
0.002792,0.00153,0.008026,0
0.00579,0,0.006931,0
0.004312,0,0.007479,0
0.002817,0,0.010068,0
0.00374,0,0.00875,0
0.002341,0.002342,0.009378,0
0,0.003882,0.010575,0
0.001852,0.004294,0.009156,0
0.00356,0,0.010959,0
0.001876,0.001892,0.011298,0
0,0.00261,0.011566,0
0.002553,0,0.011553,0
0.002156,0,0.013092,0
0,0.001383,0.012549,0
0,0,0.013436,0
0,0.002991,0.013225,0
0,0.00165,0.014457,0
0.001553,0,0.014645,0
0,0,0.015479,0
0.00165,0.014457,0,0
0,0.014645,0.001553,0
0,0.015479,0,0
0.016659,0,0.001907,0
0.016544,0.001852,0,0
0.01784,0,0,0
0.008341,0.004531,0.002088,0
0.010058,0.004645,0,0
0.009524,0.006537,0,0
0.00804,0.007227,0,0
0.012155,0.004225,0,0
0.012061,0,0.003987,0
0.009271,0,0.005104,0
0.008391,0.002237,0.004659,0
0.011402,0,0.005676,0
0.00929,0,0.007159,0
0.006378,0.00293,0.006132,0
0.007227,0,0.00804,0
0.005998,0.006469,0.003147,0
0.011741,0.003343,0.003325,0
0.013537,0,0.004774,0
0.01433,0.002531,0.002769,0
0.014674,0.003757,0,0
0.015172,0,0.003518,0
0.00474,0.008563,0.002404,0
0.005104,0.009271,0,0
0.007159,0.00929,0,0
0.005676,0.011402,0,0
0.003987,0.012061,0,0
0.004774,0.013537,0,0
0.002436,0.014134,0.002538,0
0.003518,0.015172,0,0
0,0.014674,0.003757,0
0.003325,0.011741,0.003343,0
0.002569,0.008664,0.004864,0
0,0.00804,0.007227,0
0,0.009524,0.006537,0
0,0.012155,0.004225,0
0,0.011303,0.006575,0
0,0.003987,0.012061,0
0,0.005676,0.011402,0
0,0.009733,0.008826,0
0.002938,0.007799,0.00772,0
0,0.007159,0.00929,0
0.00263,0.006124,0.010139,0
0,0.008378,0.011406,0
0.0072,0.002668,0.008757,0
0.00541,0,0.008484,0
0.006537,0,0.009524,0
0.004531,0.002087,0.008341,0
0.004645,0,0.010058,0
0.008826,0,0.009733,0
0.006575,0,0.011303,0
0.004225,0,0.012155,0
0.003343,0.003325,0.011741,0
0,0.004774,0.013537,0
0.002531,0.002769,0.01433,0
0,0.003518,0.015172,0
0,0.005755,0.015643,0
0.003757,0,0.014674,0
0,0.001907,0.016659,0
0,0.004217,0.017479,0
0.001852,0,0.016544,0
0,0,0.01784,0
0.003802,0,0.017658,0
0.002164,0,0.019205,0
0,0.002297,0.019174,0
0,0,0.02057,0
0.001907,0.016659,0,0
0,0.016544,0.001852,0
0,0.01784,0,0
0,0.017658,0.003802,0
0,0.019205,0.002164,0
0.002297,0.019174,0,0
0,0.02057,0,0
0.017134,0.00251,0.002503,0
0.019205,0.002164,0,0
0.019174,0,0.002297,0
0.02057,0,0,0
0.017479,0,0.004217,0
0.017658,0.003802,0,0
0.019811,0.005095,0,0
0.02204,0,0.002685,0
0.022071,0.002557,0,0
0.023725,0,0,0
0.027373,0,0,0
0.025549,0.002946,0,0
0.025454,0,0.002919,0
0.010736,0.00617,0.002943,0
0.011303,0.006575,0,0
0.013812,0.006304,0,0
0.009733,0.008826,0,0
0.012645,0.008895,0,0
0.009454,0.008613,0.004182,0
0.008378,0.011406,0,0
0.011207,0.011625,0,0
0.015206,0.005642,0.002841,0
0.016718,0.005948,0,0
0.015728,0.008616,0,0
0.018827,0.008171,0,0
0.012341,0.00304,0.006557,0
0.011406,0,0.008378,0
0.013562,0,0.006966,0
0.015643,0,0.005755,0
0.015824,0.003155,0.005496,0
0.013831,0,0.009718,0
0.011625,0,0.011207,0
0.009723,0.004016,0.008566,0
0.020228,0,0.005011,0
0.018099,0,0.007127,0
0.015778,0,0.008373,0
0.007734,0.012524,0.004074,0
0.009718,0.013831,0,0
0.006966,0.013562,0,0
0.005862,0.014312,0.002524,0
0.005755,0.015643,0,0
0.008373,0.015778,0,0
0.009409,0.015056,0.002972,0
0.010503,0.015688,0,0
0.004029,0.015809,0.004122,0
0.004217,0.017479,0,0
0,0.013812,0.006304,0
0,0.016718,0.005948,0
0.0039,0.012553,0.0074,0
0,0.012645,0.008895,0
0,0.015728,0.008616,0
0.0027,0.005876,0.01308,0
0,0.006966,0.013562,0
0,0.009718,0.013831,0
0.004407,0.008944,0.010057,0
0,0.011207,0.011625,0
0.003234,0.007028,0.016403,0
0,0.008373,0.015778,0
0,0.010503,0.015688,0
0,0.010758,0.018121,0
0,0.007127,0.018099,0
0.006304,0,0.013812,0
0.007089,0.003764,0.011291,0
0.008895,0,0.012645,0
0.005624,0.002816,0.015203,0
0.008616,0,0.015728,0
0.005948,0,0.016718,0
0.008171,0,0.018827,0
0.003822,0.003904,0.019058,0
0.005095,0,0.019811,0
0,0.005011,0.020228,0
0,0.002685,0.02204,0
0.002557,0,0.022071,0
0,0,0.023725,0
0,0.005735,0.023354,0
0.005138,0,0.023569,0
0,0.002919,0.025454,0
0.002946,0,0.025549,0
0,0,0.027373,0
0,0.003171,0.029203,0
0.003232,0,0.029243,0
0,0,0.03159,0
0.003503,0.019523,0.003576,0
0,0.019811,0.005095,0
0.002685,0.02204,0,0
0.005011,0.020228,0,0
0,0.022071,0.002557,0
0,0.023725,0,0
0,0.027373,0,0
0,0.025549,0.002946,0
0.002919,0.025454,0,0
0.007068,0.018132,0.003835,0
0.007127,0.018099,0,0
0.010758,0.018121,0,0
0.008649,0.021348,0,0
0.018601,0.00467,0.004649,0
0.022499,0.007907,0,0
0.023679,0.003586,0.003787,0
0.023569,0.005138,0,0
0.023354,0,0.005735,0
0.029203,0,0.003171,0
0.029243,0.003232,0,0
0.03159,0,0,0
0.02659,0.00684,0,0
0.026857,0,0.0061,0
0.024772,0,0.008449,0
0.03375,0,0.003496,0
0.033965,0.003345,0,0
0.036465,0,0,0
0.03882,0,0.003882,0
0.039106,0.004594,0,0
0.042101,0,0,0
0.013813,0.010085,0.004289,0
0.014538,0.011587,0,0
0.012783,0.014892,0,0
0.016923,0.014671,0,0
0.018014,0.011279,0,0
0.012969,0.004532,0.012072,0
0.011587,0,0.014538,0
0.015688,0,0.010503,0
0.014892,0,0.012783,0
0.014671,0,0.016923,0
0.020915,0.013877,0,0
0.019409,0.009984,0.004889,0
0.021151,0.010754,0,0
0.017023,0.00454,0.009493,0
0.023007,0.00497,0.007643,0
0.027988,0,0.009844,0
0.021348,0,0.008649,0
0.01828,0,0.014992,0
0.024312,0,0.011918,0
0.018121,0,0.010758,0
0.01215,0.016745,0.005134,0
0.012699,0.020845,0,0
0.014992,0.01828,0,0
0.003396,0.017168,0.007633,0
0,0.018827,0.008171,0
0,0.018014,0.011279,0
0,0.022499,0.007907,0
0.004991,0.014659,0.011798,0
0,0.014538,0.011587,0
0,0.012783,0.014892,0
0,0.016923,0.014671,0
0.004674,0.010524,0.014585,0
0.004421,0.01242,0.01899,0
0,0.014992,0.01828,0
0,0.012699,0.020845,0
0,0.008649,0.021348,0
0,0.011918,0.024312,0
0,0.008449,0.024772,0
0.005622,0.007832,0.01975,0
0.010527,0.004881,0.016196,0
0.011279,0,0.018014,0
0.00804,0.004126,0.020663,0
0.010754,0,0.021151,0
0.007907,0,0.022499,0
0.013877,0,0.020915,0
0.012344,0.005294,0.021406,0
0.018174,0,0.019616,0
0.011734,0,0.024624,0
0.016449,0,0.023288,0
0.005551,0.005602,0.025139,0
0.00684,0,0.02659,0
0,0.0061,0.026857,0
0.011051,0,0.029709,0
0,0.003496,0.03375,0
0.003345,0,0.033965,0
0,0,0.036465,0
0,0.003882,0.03882,0
0.004594,0,0.039106,0
0,0,0.042101,0
0.004825,0.00487,0.03026,0
0.006735,0,0.031021,0
0,0.009844,0.027988,0
0,0.006702,0.031065,0
0,0.007275,0.035012,0
0.005735,0.023354,0,0
0.005672,0.021722,0.005772,0
0,0.023569,0.005138,0
0.003316,0.023712,0.00333,0
0.003171,0.029203,0,0
0,0.029243,0.003232,0
0,0.03159,0,0
0,0.02659,0.00684,0
0.008449,0.024772,0,0
0.0061,0.026857,0,0
0.01728,0.017183,0.004521,0
0.019616,0.018174,0,0
0.010817,0.022242,0.004726,0
0.016942,0.022851,0,0
0.011918,0.024312,0,0
0.009844,0.027988,0,0
0.04409,0,0.004779,0
0.045358,0.005165,0,0
0.048615,0,0,0
0.023425,0.013941,0.005051,0
0.023288,0.016449,0,0
0.024624,0.011734,0,0
0.02477,0.008457,0.004463,0
0.029709,0.011051,0,0
0.027513,0.016493,0,0
0.026784,0.005218,0.012004,0
0.028309,0,0.014574,0
0.033358,0,0.01131,0
0.022851,0,0.016942,0
0.028132,0,0.020667,0
0.031065,0,0.006702,0
0.035012,0,0.007275,0
0.028891,0.006876,0.00689,0
0.031021,0.006735,0,0
0.035556,0.009233,0,0
0.037486,0.007032,0.006868,0
0.039037,0,0.008839,0
0.045382,0,0.010612,0
0.041433,0.009257,0,0
0.015894,0.013002,0.007351,0
0.015917,0.008173,0.014914,0
0.021076,0.005788,0.013524,0
0.020845,0,0.012699,0
0.003496,0.03375,0,0
0,0.033965,0.003345,0
0,0.036465,0,0
0.003882,0.03882,0,0
0,0.039106,0.004594,0
0,0.042101,0,0
0.004437,0.019203,0.015704,0
0,0.020915,0.013877,0
0,0.019616,0.018174,0
0.005141,0.019524,0.010669,0
0,0.021151,0.010754,0
0,0.024624,0.011734,0
0,0.023288,0.016449,0
0.009233,0,0.035556,0
0,0.004779,0.04409,0
0,0,0.048615,0
0,0.005761,0.051366,0
0.005165,0,0.045358,0
0.006082,0,0.052381,0
0,0,0.056146,0
0.005618,0.012291,0.026945,0
0,0.016942,0.022851,0
0,0.014574,0.028309,0
0,0.020667,0.028132,0
0.021966,0,0.023773,0
0.019308,0.00766,0.02239,0
0.016493,0,0.027513,0
0.014677,0.007218,0.028247,0
0.01586,0,0.033233,0
0.008721,0.00872,0.032787,0
0.009257,0,0.041433,0
0.005582,0.006416,0.037662,0
0,0.008839,0.039037,0
0,0.01131,0.033358,0
0,0.017545,0.03351,0
0,0.014406,0.038742,0
0.021956,0,0.030625,0
0.028212,0,0.027329,0
0.006783,0.02864,0.006824,0
0.006702,0.031065,0,0
0,0.031021,0.006735,0
0,0.029709,0.011051,0
0,0.035556,0.009233,0
0.02239,0.019308,0.008638,0
0.023773,0.021966,0,0
0.01131,0.033358,0,0
0.007275,0.035012,0,0
0.013181,0.030988,0.006147,0
0.014574,0.028309,0,0
0.017545,0.03351,0,0
0.020667,0.028132,0,0
0.027329,0.028212,0,0
0.018427,0.028363,0.00968,0
0.024051,0.033942,0,0
0,0.023773,0.021966,0
0.00766,0.02239,0.019308,0
0,0.027513,0.016493,0
0.006396,0.024019,0.026434,0
0.008501,0.016494,0.022438,0
0,0.027329,0.028212,0
0,0.024051,0.033942,0
0,0.006796,0.059801,0
0.007004,0,0.060416,0
0,0,0.064852,0
0,0.007998,0.069475,0
0.03351,0,0.017545,0
0.033432,0.006475,0.014427,0
0.033942,0,0.024051,0
0.038742,0,0.014406,0
0.039327,0,0.020748,0
0.051366,0,0.005761,0
0.052381,0.006082,0,0
0.056146,0,0,0
0.059801,0,0.006796,0
0.045713,0,0.01743,0
0.044816,0.009983,0.009453,0
0.052759,0,0.012516,0
0.047241,0.012451,0,0
0.029159,0.014929,0.007783,0
0.033233,0.01586,0,0
0.039902,0.014845,0,0
0.030625,0.021956,0,0
0.037707,0.021154,0,0
0.028283,0.00976,0.018538,0
0.035836,0.013052,0.012809,0
0.007978,0,0.069884,0
0,0,0.074917,0
0.006868,0.037486,0.007032,0
0.008839,0.039037,0,0
0.004779,0.04409,0,0
0,0.045358,0.005165,0
0,0.048615,0,0
0,0.041433,0.009257,0
0.014406,0.038742,0,0
0.010612,0.045382,0,0
0.005761,0.051366,0,0
0,0.052381,0.006082,0
0,0.056146,0,0
0.006796,0.059801,0,0
0,0.060416,0.007004,0
0,0.064852,0,0
0.007829,0.029289,0.014913,0
0,0.033233,0.01586,0
0,0.030625,0.021956,0
0,0.039902,0.014845,0
0,0.037707,0.021154,0
0.014845,0,0.039902,0
0.008933,0.009481,0.042278,0
0,0.010612,0.045382,0
0.008642,0.008705,0.05137,0
0,0.012516,0.052759,0
0.012451,0,0.047241,0
0.019859,0,0.044588,0
0.014876,0,0.056171,0
0.018311,0,0.050969,0
0.00917,0.017644,0.029023,0
0.018611,0.009654,0.035347,0
0.021154,0,0.037707,0
0.027863,0,0.035074,0
0.024149,0.012525,0.027202,0
0.008546,0.017658,0.038163,0
0,0.020748,0.039327,0
0,0.01743,0.045713,0
0,0.026917,0.039667,0
0,0.025287,0.046147,0
0.031363,0.009164,0.033227,0
0.034763,0,0.031204,0
0.039667,0,0.026917,0
0.037578,0.010121,0.023938,0
0.046147,0,0.025287,0
0,0.035074,0.027863,0
0.012809,0.035836,0.013052,0
0.035074,0.027863,0,0
0.031204,0.034763,0,0
0.028167,0.024657,0.013437,0
0.023938,0.037578,0.01088,0
0.020748,0.039327,0,0
0.026917,0.039667,0,0
0.025287,0.046147,0,0
0.013437,0.028167,0.024657,0
0.009752,0.026436,0.033834,0
0,0.031204,0.034763,0
0.043608,0,0.034762,0
0.035207,0,0.040124,0
0.02732,0,0.04281,0
0,0.021004,0.054527,0
0.011527,0.011357,0.060875,0
0,0.015198,0.0623,0
0.013843,0,0.064789,0
0,0.024644,0.063985,0
0.01118,0.011347,0.073088,0
0.009396,0,0.080691,0
0,0.018227,0.073255,0
0,0.009547,0.080416,0
0,0,0.086551,0
0,0.009189,0.09084,0
0.009111,0,0.090807,0
0,0,0.1,0
0.010929,0.010929,0.1,0
0,0.014735,0.1,0
0.014735,0,0.1,0
0.064852,0,0,0
0.069475,0,0.007998,0
0.060416,0.007004,0,0
0.069884,0.007978,0,0
0.074917,0,0,0
0.047499,0.010307,0.019842,0
0.056042,0.009647,0.009363,0
0.054527,0,0.021004,0
0.056171,0.014876,0,0
0.064789,0.013843,0,0
0.0623,0,0.015198,0
0.080416,0,0.009547,0
0.080691,0.009396,0,0
0.086551,0,0,0
0.09084,0,0.009189,0
0.090807,0.009111,0,0
0.1,0,0,0
0.064198,0.02193,0,0
0.1,0.010929,0.010929,0
0.1,0,0.014735,0
0.1,0.014735,0,0
0.050969,0.018311,0,0
0.044588,0.019859,0,0
0.048775,0.019291,0.009833,0
0.040149,0.024327,0.011468,0
0.04281,0.02732,0,0
0.040124,0.035207,0,0
0.050244,0.033924,0,0
0.05439,0.023915,0,0
0.047797,0.010911,0.030807,0
0.053999,0,0.030962,0
0.086664,0,0.021384,0
0.1,0.012318,0.022594,0
0.1,0,0.030193,0
0.087074,0,0.037806,0
0.02193,0,0.064198,0
0.023915,0,0.05439,0
0.017425,0,0.073274,0
0,0.074917,0,0
0,0.086551,0,0
0,0.080691,0.009396,0
0.009547,0.080416,0,0
0.009189,0.09084,0,0
0,0.090807,0.009111,0
0,0.1,0,0
0.010929,0.1,0.010929,0
0.014735,0.1,0,0
0,0.1,0.014735,0
0,0.047241,0.012451,0
0,0.056171,0.014876,0
0.009453,0.044816,0.009983,0
0.019365,0.046466,0.009833,0
0.01743,0.045713,0,0
0.021004,0.054527,0,0
0.012516,0.052759,0,0
0.010926,0.061905,0.010869,0
0.015198,0.0623,0,0
0,0.064789,0.013843,0
0,0.069884,0.007978,0
0.007998,0.069475,0,0
0.018227,0.073255,0,0
0,0.073274,0.017425,0
0.024644,0.063985,0,0
0,0.034762,0.043608,0
0.011468,0.040149,0.024327,0
0.009001,0.047778,0.019083,0
0,0.044588,0.019859,0
0,0.050969,0.018311,0
0,0.05439,0.023915,0
0,0.064198,0.02193,0
0,0.04281,0.02732,0
0,0.040124,0.035207,0
0,0.050244,0.033924,0
0.052887,0,0.042109,0
0.023643,0.010274,0.045062,0
0.033924,0,0.050244,0
0.014976,0.015076,0.049742,0
0.032117,0.015706,0.040729,0
0.012731,0.02852,0.049787,0
0,0.030962,0.053999,0
0.043254,0.031461,0.020317,0
0.0144,0.035474,0.038183,0
0,0.046247,0.043003,0
0.035518,0.037915,0.014208,0
0.034762,0.043608,0,0
0.030962,0.053999,0,0
0.029773,0.048493,0.011302,0
0.042109,0.052887,0,0
0.041582,0.012273,0.051436,0
0.043003,0,0.046247,0
0.052534,0,0.05309,0
0.028888,0.014136,0.055306,0
0.032172,0,0.061641,0
0.04193,0,0.056804,0
0.051827,0,0.063516,0
0.021424,0,0.086795,0
0.012778,0.02972,0.063492,0
0,0.036854,0.063446,0
0.021627,0.021211,0.069703,0
0,0.030495,0.07462,0
0,0.021384,0.086664,0
0.015261,0.015267,0.083917,0
0.029386,0,0.07447,0
0,0.030193,0.1,0
0,0.037806,0.087074,0
0.012318,0.022594,0.1,0
0.022464,0.011865,0.1,0
0.030193,0,0.1,0
0.043436,0.047634,0.011602,0
0.046247,0.043003,0,0
0.05309,0.052534,0,0
0.056804,0.04193,0,0
0.049315,0.062791,0,0
0.073255,0,0.018227,0
0.063985,0,0.024644,0
0.07462,0,0.030495,0
0.068279,0.013078,0.013981,0
0.073274,0.017425,0,0
0.063446,0,0.036854,0
0.062791,0,0.049315,0
0.059088,0.015204,0.033323,0
0.0546,0.018153,0.018032,0
0.080019,0.019476,0.019411,0
0.061641,0.032172,0,0
0.067935,0.027586,0.012879,0
0.086795,0.021424,0,0
0.07447,0.029386,0,0
0.084542,0.039296,0,0
0.067923,0.04099,0,0
0.1,0.022464,0.011865,0
0.1,0.030193,0,0
0.1,0.038301,0.013716,0
0.1,0.04641,0,0
0.086452,0.055765,0,0
0.1,0.054918,0.014378,0
0.1,0.063424,0,0
0.063516,0.051827,0,0
0.056338,0.035621,0.016452,0
0.075617,0.015966,0.035067,0
0.074706,0,0.043963,0
0.087074,0,0.05262,0
0.1,0.027114,0.029908,0
0.1,0.014093,0.03934,0
0.1,0,0.04641,0
0.1,0.014223,0.055227,0
0.1,0,0.063424,0
0.033469,0.012307,0.06864,0
0.04099,0,0.067923,0
0.039296,0,0.084542,0
0.038301,0.013716,0.1,0
0.04641,0,0.1,0
0.050408,0,0.074834,0
0.055765,0,0.086452,0
0.054918,0.014378,0.1,0
0.063424,0,0.1,0
0,0.086795,0.021424,0
0.021384,0.086664,0,0
0.01372,0.085396,0.013647,0
0,0.07447,0.029386,0
0.030495,0.07462,0,0
0.030193,0.1,0,0
0.037806,0.087074,0,0
0.022594,0.1,0.012318,0
0.011865,0.1,0.022464,0
0,0.1,0.030193,0
0.03934,0.1,0.014093,0
0.04641,0.1,0,0
0.05262,0.087074,0,0
0.016787,0.053517,0.016514,0
0,0.061641,0.032172,0
0.018575,0.071971,0.018611,0
0.036854,0.063446,0,0
0.033686,0.058862,0.016828,0
0.043963,0.074706,0,0
0,0.042109,0.052887,0
0.013316,0.042126,0.05002,0
0,0.049315,0.062791,0
0,0.05309,0.052534,0
0.014848,0.053125,0.031676,0
0,0.056804,0.04193,0
0,0.067923,0.04099,0
0,0.084542,0.039296,0
0.013716,0.1,0.038301,0
0,0.1,0.04641,0
0,0.043963,0.074706,0
0.081862,0.017668,0.062159,0
0.074342,0,0.057663,0
0.072119,0,0.069018,0
0.062935,0,0.060835,0
0.084802,0,0.071097,0
0.067486,0.020304,0.04892,0
0.056518,0.014283,0.058597,0
0.062204,0,0.072995,0
0.019641,0.041597,0.06244,0
0.043415,0.021689,0.064745,0
0.03606,0.024425,0.08306,0
0.046005,0.027988,0.1,0
0.016876,0.03593,0.079802,0
0,0.05262,0.087074,0
0.014093,0.03934,0.1,0
0,0.04641,0.1,0
0.027114,0.029908,0.1,0
0,0.063424,0.1,0
0,0.071097,0.084802,0
0.014223,0.055227,0.1,0
0.063424,0.1,0,0
0.071097,0.084802,0,0
0.055227,0.1,0.014223,0
0.058597,0.056518,0.01527,0
0.074834,0.050408,0,0
0.072995,0.062204,0,0
0.060835,0.062935,0,0
0.064316,0.071719,0.015543,0
0.057663,0.074342,0,0
0.069018,0.072119,0,0
0.048859,0.069745,0.020131,0
0.1,0.081274,0,0
0.086631,0.086646,0,0
0.083671,0.07272,0,0
0.1,0.072349,0.015096,0
0.071872,0.1,0.013461,0
0.081274,0.1,0,0
0.064799,0.1,0.024945,0
0.1,0.086738,0.013417,0
0.086609,0.1,0.01328,0
0.1,0.1,0,0
0.072824,0.047858,0.020716,0
0.083738,0.036226,0.024877,0
0.081654,0.063018,0.015961,0
0.1,0.046005,0.027988,0
0.1,0.06395,0.027716,0
0.082038,0.031276,0.0425,0
0.1,0.039012,0.039508,0
0.1,0.029156,0.049297,0
0.072349,0.015096,0.1,0
0.07272,0,0.083671,0
0.081274,0,0.1,0
0.086646,0,0.086631,0
0.1,0.013461,0.071872,0
0.1,0,0.081274,0
0.1,0.024945,0.064799,0
0.1,0.01328,0.086609,0
0.086738,0.013417,0.1,0
0.1,0,0.1,0
0.080527,0.03476,0.059438,0
0.075921,0.02041,0.081056,0
0.056128,0.018212,0.079241,0
0.06395,0.027716,0.1,0
0.016346,0.079037,0.034818,0
0,0.074834,0.050408,0
0,0.086452,0.055765,0
0.034534,0.082457,0.020086,0
0.049297,0.1,0.029156,0
0.029908,0.1,0.027114,0
0.014378,0.1,0.054918,0
0,0.1,0.063424,0
0.014697,0.056309,0.058221,0
0,0.060835,0.062935,0
0,0.072995,0.062204,0
0,0.069018,0.072119,0
0,0.057663,0.074342,0
0,0.063516,0.051827,0
0.019026,0.068942,0.049256,0
0.039508,0.1,0.039012,0
0.027988,0.1,0.046005,0
0.021419,0.053879,0.079883,0
0.048735,0.036182,0.084402,0
0.039012,0.039508,0.1,0
0.055548,0.039496,0.1,0
0.029156,0.049297,0.1,0
0.03715,0.041333,0.072573,0
0.017431,0.081755,0.063988,0
0,0.083671,0.07272,0
0.015096,0.1,0.072349,0
0,0.1,0.081274,0
0,0.086631,0.086646,0
0.027716,0.1,0.06395,0
0.020818,0.073584,0.0817,0
0.013461,0.071872,0.1,0
0,0.081274,0.1,0
0.024945,0.064799,0.1,0
0.013417,0.1,0.086738,0
0.01328,0.086609,0.1,0
0,0.1,0.1,0
0.078459,0.080505,0.01976,0
0.056902,0.082241,0.033087,0
0.05202,0.1,0.047246,0
0.065993,0.1,0.039569,0
0.1,0.08344,0.03016,0
0.081605,0.1,0.028314,0
0.1,0.1,0.019245,0
0.1,0.055548,0.039496,0
0.074441,0.048166,0.048007,0
0.082849,0.063884,0.041054,0
0.1,0.072145,0.039137,0
0.1,0.047246,0.05202,0
0.1,0.064933,0.050604,0
0.1,0.039569,0.065993,0
0.08344,0.03016,0.1,0
0.1,0.028314,0.081605,0
0.1,0.019245,0.1,0
0.079342,0.048402,0.070107,0
0.066234,0.034912,0.084025,0
0.072145,0.039137,0.1,0
0.032279,0.08173,0.045622,0
0.049136,0.074398,0.049423,0
0.039496,0.1,0.055548,0
0.040836,0.059318,0.080984,0
0.058137,0.049262,0.077985,0
0.064933,0.050604,0.1,0
0.047246,0.05202,0.1,0
0.039569,0.065993,0.1,0
0.032032,0.084067,0.073327,0
0.050604,0.1,0.064933,0
0.039137,0.1,0.072145,0
0.03016,0.1,0.08344,0
0.028314,0.081605,0.1,0
0.019245,0.1,0.1,0
0.071577,0.079362,0.048217,0
0.06574,0.1,0.056565,0
0.1,0.082181,0.049783,0
0.082996,0.1,0.048456,0
0.1,0.1,0.03886,0
0.083601,0.062984,0.059528,0
0.1,0.056565,0.06574,0
0.1,0.070865,0.062938,0
0.082181,0.049783,0.1,0
0.1,0.048456,0.082996,0
0.1,0.03886,0.1,0
0.078165,0.062686,0.08251,0
0.056565,0.06574,0.1,0
0.070865,0.062938,0.1,0
0.048552,0.078688,0.071352,0
0.057138,0.066672,0.082113,0
0.062938,0.1,0.070865,0
0.048456,0.082996,0.1,0
0.049783,0.1,0.082181,0
0.03886,0.1,0.1,0
0.080797,0.080768,0.077469,0
0.1,0.084182,0.069305,0
0.080647,0.1,0.068615,0
0.1,0.1,0.058853,0
0.1,0.068615,0.080647,0
0.084182,0.069305,0.1,0
0.1,0.058853,0.1,0
0.068615,0.080647,0.1,0
0.069305,0.1,0.084182,0
0.058853,0.1,0.1,0
0.085202,0.1,0.08507,0
0.1,0.08507,0.085202,0
0.08507,0.085202,0.1,0
0.1,0.1,0.07923,0
0.1,0.07923,0.1,0
0.07923,0.1,0.1,0
0.1,0.1,0.1,0
0.003131,0.001786,0.001477,0
0.003517,0.001268,0.00175,0
0.001484,0.002928,0.001875,0
0.00195,0.002011,0.002688,0
0.001453,0.003916,0.001527,0
0.00131,0.002342,0.0031,0
0.002428,0.002526,0.002097,0
0.002005,0.002499,0.003866,0
0.004055,0.001936,0.002015,0
0.003351,0.002546,0.00197,0
0.003321,0.002323,0.002958,0
0.002069,0.003385,0.0027,0
0.002994,0.003583,0.002119,0
0.003055,0.003089,0.004869,0
0.003217,0.005479,0.003364,0
0.006585,0.002658,0.002708,0
0.002773,0.007022,0.002817,0
0.003916,0.004072,0.004004,0
0.006002,0.004424,0.003747,0
0.003456,0.004285,0.005917,0
0.002817,0.002773,0.007022,0
0.004317,0.007244,0.004485,0
0.008459,0.00455,0.004515,0
0.005413,0.005724,0.005952,0
0.004566,0.00455,0.008562,0
0.005529,0.009177,0.005557,0
0.008492,0.006919,0.007075,0
0.014066,0.005769,0.005865,0
0.006729,0.006657,0.009814,0
0.005762,0.005863,0.014189,0
0.009493,0.009493,0.009493,0
0.01124,0.012705,0.00688,0
0.014385,0.008729,0.009835,0
0.007048,0.016021,0.007038,0
0.009296,0.009153,0.014307,0
0.011493,0.014964,0.010922,0
0.015823,0.019915,0.009731,0
0.023143,0.009955,0.009974,0
0.009974,0.023143,0.009955,0
0.008173,0.014914,0.015917,0
0.012755,0.011934,0.018271,0
0.009955,0.009974,0.023143,0
0.017071,0.017071,0.017071,0
0.014783,0.02515,0.0163,0
0.02445,0.015601,0.015145,0
0.014112,0.021078,0.022333,0
0.016343,0.014887,0.025366,0
0.020149,0.032611,0.017782,0
0.02371,0.02337,0.023816,0
0.037544,0.021791,0.023883,0
0.017787,0.020675,0.035577,0
0.027637,0.02037,0.032787,0
0.038632,0.024476,0.0356,0
0.023853,0.039124,0.023844,0
0.031592,0.030955,0.021915,0
0.026378,0.030839,0.034551,0
0.047486,0.02093,0.043082,0
0.050815,0.02846,0.029504,0
0.028321,0.02818,0.050032,0
0.046511,0.048921,0.023964,0
0.043038,0.033926,0.050938,0
0.030213,0.031638,0.06411,0
0.038356,0.036534,0.036049,0
0.02286,0.049995,0.044318,0
0.032275,0.050655,0.031277,0
0.05799,0.034373,0.045747,0
0.066722,0.030484,0.030746,0
0.061207,0.047586,0.035107,0
0.030528,0.068428,0.032493,0
0.049991,0.061687,0.036248,0
0.065593,0.030328,0.067097,0
0.052168,0.041128,0.063844,0
0.033886,0.051337,0.058191,0
0.048562,0.048562,0.048562,0
0.036028,0.059143,0.044351,0
0.067097,0.065593,0.030328,0
0.061725,0.060752,0.049847,0
0.030328,0.067097,0.065593,0
0.04986,0.060979,0.063361,0
0.067571,0.067571,0.067571,0
