% Model,finer.mph
% Version,COMSOL 5.5.0.359
% Date,"Aug 17 2024, 19:53"
% Dimension,3
% Nodes,976
% Expressions,1
% Description,Dependent variable
% Length unit,m
% x,y,z,Tcell (kg/m^3) @ t=0
5.629004503429361E-4,5.2599671825976E-4,7.473153505364674E-4,399.9999999999999
0,8.316703130779203E-4,8.350101946467354E-4,400
0,0,0,399.9999999999999
0,0,0.0013160532032375843,399.99999999999994
8.118261105923069E-4,8.17097114843844E-4,0,399.9999999999999
0,0.0013160532032372532,0,399.99999999999994
0.0013140023386321049,0,0,399.99999999999994
9.172098941651121E-4,0,8.820891131829785E-4,399.9999999999999
5.166668154781497E-4,3.6262215329708016E-4,0.0021150472683995176,399.9999999999999
5.224273239078965E-4,0,0.00252741792330089,399.9999999999999
0,0,0.0022863039324248725,399.9999999999999
7.662444615995179E-4,0,0.001740743963270462,399.99999999999994
0,5.845459157392337E-4,0.0017110546889071072,399.9999999999999
4.7237071951008027E-4,0.0011436527940506542,5.931416047565062E-4,399.99999999999994
0,0.0016659240856527822,6.79215970836947E-4,399.99999999999994
0,0.0012571204505701496,0.0014313704758078742,399.9999999999999
0,3.305067523757287E-4,0.0026289956563121395,399.9999999999999
0,6.458144272107987E-4,0.0023458902784696174,399.99999999999994
4.1598872888334144E-4,4.1598872888511514E-4,0.002941752327250302,288.8888888888888
0,0,0.003,160
5.840065828115351E-4,0.001709025178153089,0,399.9999999999999
6.558268871649882E-4,9.675147670755336E-4,0.0017977999812744292,399.99999999999994
7.150079735920074E-4,5.068330106411989E-4,0.0013949206409380119,399.99999999999994
4.6536318350776904E-4,0.0019381381015299444,4.952132838828412E-4,399.99999999999994
0,0.002286303932424668,0,400
0,0.0023444833347474317,6.633834590831869E-4,399.9999999999999
0,0.002647387551756707,3.2536676365771297E-4,399.99999999999994
3.316038865951102E-4,0.002631044186789538,0,399.99999999999994
5.270947491939753E-4,0.0024927878083659495,5.652800464537086E-4,399.9999999999999
0.0015128305008196659,4.957798732164246E-4,4.786362323658653E-4,399.99999999999994
0.0015382766299052897,4.8720529157920164E-4,0.001065071096520219,399.9999999999999
0.0017532418696775834,0,5.96180188110611E-4,400
0.0010441968317942854,9.36975910830893E-4,5.762888993708038E-4,400
0.0012335547631992924,0.00145711961432509,0,399.9999999999999
9.367328990737057E-4,0.0015485054272627332,5.152189368403762E-4,399.99999999999994
0.002285023809005938,0,0,399.9999999999999
0.002352691957580576,0,6.396498640027842E-4,400
0.002050502247455568,4.1558491699702696E-4,6.240733745395023E-4,399.99999999999994
0.001659052661097761,6.787124235420396E-4,0,399.99999999999994
0.0015031857341420282,0.0012479062954369267,4.100224054029218E-4,399.99999999999994
6.517361048208947E-4,0.0023435619511744075,0,399.9999999999999
0.0010957198402736924,0,0.0023515704498402795,399.99999999999994
0.001666936696994332,0,0.001456507640401857,399.99999999999994
0.0022111958692144864,0,0.00108089577410904,399.99999999999994
0.0013505151382387569,5.160454746434755E-4,0.002000867201061861,399.9999999999999
0.0015403850361144608,0,0.0020390303611430116,399.99999999999994
5.882251903117208E-4,0,0.002941716202189574,109.09090909090908
8.619295662554915E-4,4.7412246894789316E-4,0.0028341286680836097,233.3333333333333
0.0011501002549395645,0,0.0027707836293211882,160
6.465256399723151E-4,5.829158540399644E-4,0.002470965496197092,399.9999999999999
0,0.0011283919450639575,0.002099440702866746,399.9999999999999
0,0.001593538983067744,0.0019264059216210373,399.99999999999994
5.923026914456249E-4,0.0010452646114600978,0.0022938885794127747,399.99999999999994
9.895073233833257E-4,0.001009123348607439,0.0026462322884180213,249.99999999999997
0.0011129218185843347,7.521155508417481E-4,0.0023076427747995057,399.99999999999994
4.65737297931403E-4,9.032073094655549E-4,0.0028226415510021014,200
0,5.883492095274878E-4,0.0029416914213085702,133.33333333333331
5.720051344491468E-4,0.0017178478832597147,0.0010967856562679144,399.9999999999999
0,0.0018420752877108012,0.0015162393158709413,399.9999999999999
0,0.0022598112609923727,0.0011060593396540136,399.99999999999994
4.4597823561426603E-4,0.0023391475948358075,0.0010228901009492852,399.99999999999994
5.474148659063886E-4,0.0014466063408640074,0.002036628146672297,400
6.664615042865502E-4,0.0014630042338806867,0.0015454889417985391,399.99999999999994
4.94861187649596E-4,0.0018286367276819486,0.0017568995668356244,399.99999999999994
2.8116009473477046E-4,0.0021964871295991444,0.0015300585759109291,399.99999999999994
0,0.0011504327701370054,0.0027706455913685886,171.4285714285714
0,0.0024941662600086872,0.0016670699350841557,199.99999999999994
0,0.002121725141118583,0.002120915468565944,228.57142857142853
0,0.0016680218378572424,0.002493529804516391,171.4285714285714
0,0.0027710843373360983,0.0011493754989618677,228.57142857142853
4.4339505340672627E-4,0.002611669071275294,0.0014080431416538667,228.57142857142853
0,0.003,0,199.99999999999997
3.7151241273365016E-4,0.0029504000833256126,3.963809726728069E-4,199.99999999999997
0,0.002941849566729793,5.877930072734083E-4,199.99999999999994
5.882251903119831E-4,0.002941716202189522,0,239.99999999999997
9.440367356778479E-4,0.0022531428833868607,4.339615797976123E-4,400
0.0011423307411175217,0.002114048306552919,0,399.9999999999999
0.001960892064453837,3.965513553916379E-4,0.0016609834410780443,399.99999999999994
0.0021085055792600988,5.559064652295108E-4,0.0012237066176269888,399.99999999999994
0.0026472187621762195,3.258358251786366E-4,0,399.99999999999994
0.0026307767328854537,0,3.3178062157187654E-4,400
0.003,0,0,199.99999999999997
8.726741765467114E-4,0.0028242316812395825,5.120109298356438E-4,183.3333333333333
4.17140829650915E-4,0.0028393398567288395,8.741525646185569E-4,181.8181818181818
8.578325992093582E-4,0.0026519325943054274,0.0011096741625333992,166.66666666666663
0.0012664862497825662,0.002572091153601677,8.833796899836925E-4,219.99999999999997
8.802850471152601E-4,0.0021106822990650145,9.16853953846841E-4,399.99999999999994
0.002941549904481729,0,5.892906387730892E-4,160
0.0027705879580108795,0,0.001150571567976071,133.33333333333331
0.0028184031755936734,5.318616371884835E-4,8.796173819853042E-4,271.4285714285714
0.0024992724033169964,5.619230780003853E-4,4.393969095549459E-4,399.99999999999994
0.0015831641780015065,0.0019391550306563112,0,399.99999999999994
0.0013349899297181744,0.001967262934880452,6.920036895454194E-4,399.9999999999999
0.00184237896764125,0.0015128810033287275,0,400
0.0020727744141117344,0.0014432937925199494,3.673940171860338E-4,399.9999999999999
0.0018985289543841633,0.0018428527385778697,2.8620998018931627E-4,399.99999999999994
0.002342684555330933,6.65517013505514E-4,0,399.9999999999999
0.0020115876410851576,0.0010708680936409479,5.881847860336688E-4,399.99999999999994
0.002254508401707709,0.0011081928207471255,0,399.99999999999994
0.0029415499044819914,5.892906387717796E-4,0,239.99999999999997
0.001150100255002768,0.0027707836292949544,0,199.99999999999994
0.001386223556716764,5.267125237381591E-4,0.002607864675964017,199.99999999999994
0.0026021576941826757,4.961756811073098E-4,0.0014080429780669336,181.8181818181818
0.0018329706397630602,5.568479575493515E-4,0.0023087093766734064,200
0.0016675281593220848,0,0.0024938599505223823,160
0.002121139919452403,0,0.0021215007522877995,199.99999999999994
0.0022691052788597925,5.136819072862791E-4,0.0018940148182042705,133.33333333333331
0.002493576287842595,0,0.0016679523425548054,199.99999999999994
5.327067365881158E-4,0.0018375104265874508,0.002310796175558555,200
0.0015038611144893004,0.001062346796111818,0.002368506076225679,171.4285714285714
0.0019410631271360441,0.0010271597442244509,0.0020438240619773526,218.18181818181816
0.0014148879118437074,0.0010750239475461067,0.0018952356178057559,399.99999999999994
0.0014116651111975025,0.0020036200604637826,0.0017299445849896032,249.99999999999997
0.0010216795845620422,0.0017547565835454252,0.0016255675201020997,399.9999999999999
0.0014217335950385914,0.0014355350539625557,0.0014617417758418677,399.99999999999994
0.0015775970944860484,0.0015415813300910233,0.002033399717267603,214.28571428571425
0.0010021747220676097,0.001265120243769316,0.0019188238954004546,399.99999999999994
0.0015311934255673976,8.896377258767468E-4,0.0015262039721994608,399.99999999999994
0.002039296487771034,0.0013803354398275788,0.0017134596314243105,200
0.00180888267308907,0.0017660478708534236,0.0016152456137851704,166.66666666666663
0.0010424205795589393,0.0014997874074366682,0.0023799153488740735,184.61538461538458
5.150395757510801E-4,0.0013970834262771064,0.002604398613006843,166.66666666666663
9.399419061870623E-4,0.0023440394772386145,0.0016192554283189398,224.99999999999994
0.0012302599285210834,0.0019098786623685444,0.0012149888652765763,399.99999999999994
0.001049317982114128,0.0019089139989985399,0.002062760072533724,199.99999999999994
5.255132945868052E-4,0.0022492295477309627,0.001914367315544875,160
0.0018748297593831336,0.0011659192214287153,0.0012182193363158608,399.99999999999994
0.002083118071304135,0.001705924120128993,0.0013230427042874547,218.18181818181816
0.0016675281593149737,0.0024938599505271363,0,199.99999999999997
0.0014285777203021518,0.0025971661192026553,4.624865904241192E-4,199.99999999999994
0.0016421137976997933,0.0023513115943551914,8.802250062653358E-4,228.57142857142853
0.0018844436560343937,0.0022873189527440616,4.658799369467862E-4,184.61538461538458
0.001776813741642885,0.0016939161987760002,7.824368211732609E-4,399.9999999999999
0.0023546091068765793,8.90273764895854E-4,0.001631940126766923,199.99999999999994
0.002379257777433516,0.0012874328510628973,0.0012967841310434778,200
0.0025775542697654063,8.819075006159708E-4,0.0012563650531479363,174.99999999999997
0.002221327816451806,9.151229154187134E-4,9.724283569149924E-4,399.99999999999994
0.002832572904267203,8.98274693714154E-4,4.1186565363478955E-4,184.61538461538458
0.002949411669313926,4.034584373177097E-4,3.717419727068618E-4,163.63636363636363
0.0017433111653580627,0.002054977793719017,0.0013183066593397887,199.99999999999994
0.0015051802517130127,0.0013403047895327533,9.502706855159596E-4,399.9999999999999
0.0013029475085772112,0.0023777472130883364,0.0012839960983363945,181.8181818181818
0.002040466670814952,0.0020064367208661887,9.003929422497073E-4,133.33333333333331
0.0026464725163518645,0.0011355375064641994,8.406769841070353E-4,153.84615384615384
0.0023717117804643337,0.0015996209187620393,9.034357457315878E-4,233.3333333333333
0.0026055315845308386,0.0014222947594198076,4.339156362003678E-4,222.22222222222217
0.002283318461662979,0.0018900533013041312,4.627691874556509E-4,181.8181818181818
0.0021211399194524024,0.0021215007522877995,0,199.99999999999994
0.0024935762878425974,0.001667952342554801,0,199.99999999999997
0.0027705879580109285,0.0011505715679759534,0,160
8.477445781228303E-4,0.0010579500121057311,0.0011467051608780956,399.9999999999999
5.14267400958174E-4,4.858405451983795E-4,0.003334208602479134,0
4.829155223435966E-4,0,0.003451332631092158,0
0,5.291942686372231E-4,0.0032977893453815855,0
0,0,0.0036748733611869206,0
0,0.0034704610059706656,4.7646419567770604E-4,0
0.0011741688639948014,4.963901537213768E-4,0.00328588767387032,0
0.0028688659343789956,4.733863035334186E-4,0.001858754574744515,0
0.0016682601735377722,0,0.002924130094901856,0
0.0011804515317417942,0,0.003434362596699614,0
0.0011001420279187438,0.0010287907581993608,0.0031018471961492666,0
9.176536011050787E-4,6.837461212278741E-4,0.003975803228602938,0
6.206264079104796E-4,0,0.004066040551680245,0
5.869718812569482E-4,0.0011122422495155552,0.0034280137083912933,0
0,0.0010924678659473776,0.0032109702794605177,0
0,0.0016020881413243704,0.0029145783739731924,0
6.42599471927713E-4,0.0017649591114166758,0.003088676282766174,0
5.067789549003223E-4,0.0028998882056114014,0.0016671396425959278,0
0,0.002928833631203587,0.0017073418117845686,0
4.699882916361865E-4,0.0024271664782862254,0.0025616988927353933,0
0,0.002717953433503029,0.002299601921309136,0
0,0.00211714578505659,0.002796467008334336,0
0,0.0018280143421667617,0.0034716836727054392,0
0,9.134448581369914E-4,0.0040043451124345325,0
0,0,0.004555642737358472,0
0.003008387096530141,0,0.0015892187017911676,0
0,0.003453203982672576,0.0012195068480988726,0
5.350541455708236E-4,0.0033181841225178813,0,0
0,0.003674873361187226,0,0
6.823383479845182E-4,0.0033135994413424643,8.59331182301132E-4,0
0,0.004092545789255153,6.174342722111204E-4,0
4.969033659588286E-4,0.003792085213820641,5.910161639164692E-4,0
0.0010876678534321837,0.003259863362454785,0,0
0.003338061261079667,0,5.072640465589973E-4,0
0.0033248665153087554,0,0.0010870989453894864,0
0.0031873889665638543,5.078441072690623E-4,9.663897805395231E-4,0
0.0033378985167521248,4.6263597889546483E-4,0,0
0.0036780126206418435,0,0,0
0.001217194442522152,0.0031787082166030165,7.985167371193371E-4,0
6.977081628759377E-4,0.0033317279417314394,0.001564009805025402,0
0.0017733524903322923,0.0028894525539436286,0.0010196545857955766,0
0.001327928007975682,0.0029867971096347264,0.0017124083587403477,0
0.0031316983018958087,8.390832217514857E-4,0.0012806478971725658,0
0.003181043806892665,0.0014464659053024858,5.537756086289982E-4,0
0.003306115126200976,9.99291205409031E-4,0,0
0.0017197792040503314,0.0029801318271380443,0,0
0.0021304174695527425,0.002540177779644409,0,0
8.976582257378685E-4,0.004119116941249274,0,0
0,0.004555642737358838,0,0
0.00392143420182281,7.10082706663684E-4,0,0
0.004065483588731922,0,8.159345253077156E-4,0
0.0045619148886166215,0,0,0
0.004755470185035461,4.988801760170804E-4,4.676339136416187E-4,0
7.090099728461308E-4,0,0.004863836451747617,0
0.0018513338688801457,6.742518689517142E-4,0.002884532216928671,0
0.0017679597866079538,7.282827001333094E-4,0.003849357667038479,0
0.0015848129870767618,0.0013334514428850034,0.002985582162236723,0
0.0031962005031722597,8.585912300024703E-4,0.0020219471339548664,0
0.0024553391205233096,8.563332372825863E-4,0.002444759578472878,0
0.002559225465372301,0.001323754113087589,0.002029978792018517,0
0.0022653647883429,0,0.0027385886947428498,0
0.002791368413648099,0,0.0022740725966987284,0
0.0021474809182908394,0,0.003590423601336479,0
0.0016565382561162694,0.0018628379009802526,0.002706528039524004,0
0.001065793965554113,0.0022152482167644267,0.0027943710697011692,0
0.0023199790858483625,0.001610465012573326,0.0026677151445348942,0
0.0016861823651759705,0.0024055291886359194,0.002191513333673529,0
0.0023772774608897492,0.001955161058622674,0.00198070154678981,0
0.0016578739070414183,0,0.004533758313680603,0
0.0011805844519193203,0.0016403808945261006,0.003449879128920298,0
9.982302752797605E-4,0.0010631120475253666,0.004711932633094919,0
0.0010288702255803253,0.0029243897082747946,0.0024342438151892585,0
0.0011121703468951031,0.0022718520733629017,0.003744243041533514,0
0,0.004854138524765211,7.1063523139272E-4,0
0,0.0036083034242950286,0.002247314343351825,0
0,0.0029412007309005173,0.0033948929365597404,0
0,0.002072028104630075,0.004191367904862859,0
0,0.001445150424138575,0.005185420643074407,0
0,0,0.005727846218823919,0
0.003773487653140989,0,0.0019122540155795177,0
0,0.00451707535443352,0.0016607432922348233,0
0.0011791885269073546,0.003984605970525775,9.151433705143544E-4,0
0.0011618943949488817,0.004415042335752207,0.0020938287588924917,0
0.0016933723926508938,0.0035990048297015968,0,0
0.002536446699421819,0.002134707439348239,0.001333289840389235,0
0.002122996722967791,0.0033951362166040845,6.562984711055322E-4,0
0.0024645646342393254,0.0026173509036531437,7.668793243430174E-4,0
0.0028960777486682306,0.0016796646314870328,0.0014654005132756225,0
0.003723354319395579,9.315023096726885E-4,9.436905046695146E-4,0
0.0022190600816380866,0.0025961798669183033,0.001746836419958387,0
0.002890456281970317,0.0019977409664863116,5.788181710971509E-4,0
0.0027226629006752937,0.0022291150856507125,0,0
0.0031588635662761714,0.0016476619551488382,0,0
0.003472078442526856,0.0019037317168749408,8.875396119598092E-4,0
0.0037799764530507154,0.001394995942447086,0,0
0.0026064891140652417,0.0032133450952777976,0,0
0.002067116627261767,0.004275364544334653,0,0
0.001735863866172616,0.005526693704147852,0.00118291333382376,0
0.001226487953598099,0.0051388043857257815,0,0
0,0.005727846218824368,0,0
0.005007051253279205,0,0.0012217705390795586,0
0.004304734524651428,9.715726677383355E-4,0.0021483367319357688,0
0.0057377567130765025,0,0,0
0.004835855031656522,0.0013882776292808265,0,0
0.0016582513539577183,0,0.006095615939213029,0
0.0023795347018349686,0.0012575354527066766,0.00358069844570449,0
0.0032239428924180414,0,0.003065611581784528,0
0.0032074145787969253,9.097286686258202E-4,0.0032241332793631018,0
0.003253554123735042,0,0.004774209433482907,0
0.002347531658698599,0.0019247998968521037,0.005394666545367673,0
6.688664506750488E-4,0.003840326018849556,0.003998433629382415,0
0,0.006068027074480265,0.001664241568702718,0
0,0.004760711588964245,0.0033429354624902098,0
0.0015245091583708853,0.004186035450258692,0.0031846821680573912,0
0.0018897181685758996,0.0026073123461052127,0.004158235584543725,0
0,0.0032043128590585283,0.005107698233856628,0
0,0.001782163481947441,0.006542141853461298,0
0,0,0.007288088826456231,0
0.004906103412186147,0,0.003289603705073202,0
0.001820517885480822,0.00652274562695558,0.002495133018988422,0
0.0026092006493499253,0.004553312083950724,0.0015159788984363326,0
0.0032575138510119016,0.0028295334426154573,0.00120828915789753,0
0.00458017223030638,0.0022157731564976086,0.001307627283637947,0
0.0052263858749880005,0.0022982864062283566,0.0025698208862776914,0
0.006346808213943084,0,0.0017206051726524842,0
0.003873457591135321,0.002491884480344153,0,0
0.003524836655222369,0.00392082349131867,0,0
0.002890538587137054,0.005349889562895583,0,0
0,0.007288088826456747,0,0
0.0016789702015988063,0.006598627897915682,0,0
0.007302144832864471,0,0,0
0.006197998662347887,0.0016592897480623315,0,0
0.005140879516849956,0.0031076892430783433,0,0
0.007696242735976061,0.0015892286573998106,0,0
0.0015758329196900957,0,0.00765014994695864,0
0,0.001699162969360346,0.008420604710462177,0
0,0,0.009364824677645602,0
0,0.0076550551125780415,0.0015735495998797202,0
0.0016603581461060446,0.008379445718105323,0,0
0,0.009364824677646235,0,0
0.008514469160204386,0,0.0023842239456362438,0
0.009383470857007883,0,0,0
0.0037200995170050158,0,0.007112593731862899,0
0.0031428983775486762,0.003452723296212835,0.007947734063061682,0
0.0050005757056111105,0,0.005380129041340948,0
0.00430409402049149,0.001834743104379883,0.005213992166156991,0
0.002096540204486947,0.005545467547972984,0.004722820343254115,0
0,0.006935303814409094,0.0036372973153592117,0
0,0.005310991907525687,0.004946018019906878,0
0,0.004387600889129317,0.007844998964602806,0
0.0065371454596074765,0.002955822733955794,0.002813933495156929,0
0.007248243177677471,0,0.004582669687003149,0
0.0036091878214958416,0.00757439272501926,0.003266387326108401,0
0.004515986788546979,0.004389202984322667,0.001958060444685884,0
0.005064780385427581,0.00506183739500235,0,0
0.004175107607728984,0.00776627808210969,0,0
0.0025257646250320567,0.010525959928075625,0,0
0.010921901321193384,0,0.00194539462166482,0
0.009174096337092494,0.0035928247217863374,0.002357787682438867,0
0.007185967986389275,0.0036442729449303827,0,0
0.010381709630521924,0.003293395283075623,0,0
0.01215255224023321,0,0,0
0,0.002533531878990597,0.010398815383305927,0
0,0,0.012129030561013584,0
0.00332153991787994,0,0.01042595883623581,0
0,0.0121290305610143,0,0
0,0.010161986166466309,0.0032919830594843494,0
0,0.013130293300334146,0.0030006843907684046,0
0.005606779384138557,0.002790911431064353,0.010925139091099904,0
0.007092905589745999,0.003161147488534611,0.007771973183999639,0
0.00915606372707473,0.003853117948212971,0.004990737576062156,0
0.010471368214009503,0,0.00552657140056671,0
0.006858496038476336,0,0.008074387115352355,0
0,0.007754551692019779,0.006368690323411708,0
0.00409943881469106,0.006706729744250902,0.008807348498138499,0
0.0038842028804490017,0.008815862231582958,0.0060363603575997815,0
0,0.0051673178296163975,0.011019229684316262,0
0,0.008202752327079166,0.00965921283848838,0
0.01403562902613011,0.0026000792122508835,0,0
0.015836651520206014,0,0,0
0.013748515636493082,0,0.002951248409566443,0
0.017835599336414782,0,0.004506523020486386,0
0.004721400143619993,0.011622604457435508,0.003436066982146986,0
0,0.015808282383661207,0,0
0.003802554416249643,0.013860676215862167,0,0
0.0064107893142054916,0.007633080831902636,0.003741686549997715,0
0.011746521310776923,0.004032648220114433,0.004071793095501599,0
0.014350490732230742,0,0.008386906192899047,0
0.008218004572113842,0.007058889524581996,0,0
0.006384323138006381,0.010635700376802604,0,0
0.009718353418291956,0.006825084138726913,0.003063637234656281,0
0.0137598805466448,0.007017215776515146,0,0
0.003936612890317532,0.005018660070449262,0.013097993334632812,0
0,0.00384370501863795,0.013255542815184563,0
0.0030159311162242576,0,0.014063541068373743,0
0,0,0.01580828238366038,0
0.007560371330176652,0,0.013410663296415482,0
0,0.020705491399756755,0,0
0,0.01709670244106373,0.00517011390579325,0
0.004723031049989896,0.01781593847580786,0,0
0,0.022177879837576867,0.0048019696371532535,0
0.006987907037997499,0.023806796300027345,0,0
0,0.02722384276667244,0,0
0.020738128084537677,0,0,0
0.01972220341880247,0.0038684649736745584,0.004629647468718675,0
0.017665500282480536,0.003887460159414796,0,0
0.020092934170812416,0.010930505408949876,0,0
0.02272881000131302,0.004267954148205794,0,0
0.023008145291740147,0,0.00640400962166684,0
0.02725925324567191,0,0,0
0.004236013764757936,0.01522642605164084,0.006991867017061312,0
0,0.011880885025001354,0.007161721804139732,0
0,0.00725554297819821,0.012842047560941839,0
0,0.005838825108118357,0.017755159283720574,0
0,0.014619586946329994,0.0114055342481734,0
0.01841047944408309,0,0.010468971430444852,0
0.010610189851637803,0,0.009670900565639207,0
0.01085231382473387,0.005967912701180963,0.010166718666148565,0
0.013368336640705032,0,0.01360819576865307,0
0.007149082487427607,0.00924766591262963,0.010935357949535637,0
0,0.010782102866455362,0.011271585736266888,0
0.016137021651967988,0.006855222744649783,0.007180563718962021,0
0.009649714255581749,0.015125598676496939,0,0
0.009945685375127808,0.01516822002226713,0.0058255417403881475,0
0.010312607133299357,0.010367071016984543,0,0
0.011218054304933864,0.009565098172041838,0.006369328900537393,0
0.013359393482866529,0.01203327165155383,0,0
0.00889560280200434,0.008594815952932825,0.0172997160125955,0
0,0.011415397890445817,0.015016944218267249,0
0.004279696609858624,0,0.017536227175478532,0
0,0,0.020705491399755874,0
0.004364000512277412,0.004460676402264392,0.019568216376291442,0
0.004305657561642634,0,0.022499448514162634,0
0.011108242450223616,0,0.020282499425615504,0
0,0.00783264587687113,0.024031003652728224,0
0,0,0.02722384276667151,0
0,0.011361150701713386,0.019507794727489855,0
0,0.02058346204646296,0.011046775090227768,0
0.009572757910833748,0.02125526716290695,0.008712867375930852,0
0.010202820523032502,0.019260834119786775,0,0
0.01585971531101555,0.01635636541742706,0,0
0.03593522523271042,0,0,0
0.029568500833468205,0.008497364454608303,0,0
0.031518702321923615,0,0.009642238683012467,0
0.02240150665391795,0.013985206445748986,0.007791785573467688,0
0.01458649989111191,0.0235703104025565,0,0
0.010536746159774783,0.0270726402571772,0.005185120185902494,0
0,0.029508013382404455,0.009434635823248383,0
0.009302520768398992,0.031702488853135646,0,0
0.005708767701902964,0.03193571176523646,0.006103391865095378,0
0,0.035899989609292624,0,0
0.005737474196189936,0.04007594976020134,0.005215980692104928,0
0.01970669903394695,0.02856826045555068,0,0
0.025137499346011213,0.020218090980461834,0,0
0.027467295486923195,0.007632446671588608,0.009452988723590187,0
0.023593256325679053,0,0.012687653667522747,0
0,0.01611750314001433,0.01679188892507871,0
0.007110673396623526,0.014437210114207193,0.013962146224211058,0
0.018415702250852085,0.009137769654091963,0.017898188877313526,0
0.019606807555326608,0,0.017801676022815748,0
0.015481947358422815,0.015489254104241179,0.011605901289572272,0
0,0.04098511055776444,0.011060773581828215,0
0,0.047448235445896256,0,0
0.008840132411046165,0,0.03006129554215898,0
0.012290039849626642,0.00917310361448627,0.02546828139730064,0
0.006403630690912539,0.006152304947084299,0.03131623509276303,0
0,0.009899928928119472,0.03318316731479778,0
0,0,0.03589998960929173,0
0.01952273300196864,0,0.025632903560398674,0
0.011823050371975308,0,0.04305711453345541,0
0.018447116649152242,0.009719889078064939,0.03365723793282828,0
0.021238570761531458,0,0.03679424088273947,0
0.009628796064559445,0.010563296604645181,0.04123293271968134,0
0,0,0.04744823544589551,0
0,0.01044041455079859,0.04455591472246203,0
0.039845306654881354,0.007497365723785277,0,0
0.028647298933344112,0,0.0203222276416975,0
0.037505612078375675,0.010146849224817997,0.013323423446530357,0
0.03769957423469377,0.018498776407941314,0,0
0.03714137354675841,0,0.01752652020367535,0
0.042909495548728395,0,0.010428744554860165,0
0.04747809368864326,0,0,0
0.05146709946945154,0.012837359940828942,0,0
0.055647502662635184,0,0.011124246185405452,0
0.06283517836760531,0,0,0
0.005613324386182097,0.04854487712837889,0.009237046925994506,0
0,0.05352239890159997,0.014401403744700593,0
0,0.0628193234196956,0,0
0.01096561788321001,0.043820536187118,0,0
0.011147919339030577,0.055516131658305025,0,0
0.010970870781592616,0.02325582697437219,0.018374316564581307,0
0,0.015830388227419834,0.0246760237995453,0
0.008669863917384594,0.01894558689912824,0.02714575314346148,0
0,0.020805312518612448,0.03214997956701531,0
0,0.023392366791836434,0.018251305944605174,0
0,0.03273434665036271,0.01699504325807832,0
0.023570931661790275,0.025360050826946076,0.009438441862690604,0
0.029518966530172372,0.017867295773828087,0.015226227387352425,0
0,0.08107108553452542,0,0
0,0.0713333876308602,0.014983018973952322,0
0.015064095788496868,0.07156399787121225,0,0
0.019256597581338283,0.03707438236981194,0,0
0.014627740879263072,0.03478587016099276,0.012710208075790045,0
0.02337729986436665,0.059643811381534295,0,0
0.014954431735127987,0.061858471772553825,0.01214429866514498,0
0.0239403674021931,0.04745493564518284,0,0
0.00885341623476186,0.05599831707301169,0.020751552641502427,0
0.027454460717315696,0.03502634831877364,0.011665441727818597,0
0.032459420724262965,0.0336587898975872,0,0
0.03767963341352949,0.02784519703067979,0.01365714593188199,0
0.04647131701636593,0.025827405971118034,0,0
0.04512857293171419,0.03827543095577309,0.009591262940942617,0
0,0.05770126450766734,0.028830577445522927,0
0.024477271031704155,0.010474605558003044,0.024833859536434646,0
0.027389800322168548,0,0.029458383777008147,0
0.01157111547987417,0.0425171315758483,0.02049711938167564,0
0,0.0410816390432024,0.02484810331310354,0
0,0.027293330421050168,0.025677827142397483,0
0.012380033831648278,0.01830384306010734,0.035810032382555756,0
0,0.019362378207112552,0.03923791357048079,0
0,0.030393238289274063,0.03774190610411897,0
0,0.01032362315104462,0.05525928026600611,0
0.012057727244160916,0,0.053964826168741944,0
0,0,0.06281932341969519,0
0.028684603221277704,0.010005707709930459,0.03892529717808283,0
0.034161450196909415,0,0.040240452952131814,0
0.02470785906047561,0,0.0476388320831089,0
0.03749238679700483,0,0.02812939467266462,0
0.015777310537260066,0.014320541516611862,0.04947195512925835,0
0,0.02257579562409392,0.04831445955890984,0
0,0.023401853970169258,0.05995708447191153,0
0.011364506335075629,0.01233396694401259,0.062031016122779635,0
0.01733212269427392,0,0.06969709858358585,0
0.025928407333051406,0,0.05983853387834699,0
0,0,0.08107108553452588,0
0,0.014987009110501881,0.07197060475123856,0
0.047392085220295685,0.018852248567419762,0.012535056945592298,0
0.06241305510103881,0.025283111549605726,0,0
0.042118436903523536,0.011627399802365811,0.030978771214088985,0
0.047621404530972765,0,0.021714462100448563,0
0.05504378032987319,0.008896974990886966,0.017249334725451593,0
0.059292202033125546,0,0.023374274155053273,0
0.05172124315765028,0.042753115760410916,0,0
0.07173886302324217,0,0.015514119660280013,0
0.07031250264277013,0.012030427486391021,0,0
0.08107386795718058,0,0,0
0.08713814784020683,0.010696884422056546,0,0
0.1,0,0,0
0.0812915790730345,0.008162856102197955,0.008582958819871537,0
0.06382181465014254,0.015589255471873092,0.011694277710353982,0
0.06855248402208582,0.03079809104919714,0.010101642263382941,0
0.0700767187848495,0.038220293335406455,0,0
0,0.0879015302888948,0.012024068998986082,0
0.012072184633977974,0.08824135704869086,0,0
0,0.1,0,0
0,0.1,0.016666666666666663,0
0.011646649882860453,0.1,0.011282873023920538,0
0.016666666666666694,0.09999999999999999,0,0
0.00983646506131212,0.08161455953138996,0.016688510265875534,0
0,0.08622255533710797,0.025375720242270857,0
0.0196804276497696,0.0753122485520099,0.011497637263826663,0
0.024826136472985174,0.08651937901566915,0,0
0.013653075020559902,0.1,0.02434728746999122,0
0,0.1,0.033333333333333326,0
0.024475161833969333,0.1,0.012985598327950473,0
0.033333333333333354,0.1,0,0
0.010268621730182968,0.07808875870409829,0.030644516070264114,0
0,0.0722499379313795,0.034178322027508444,0
0,0.0844802314073167,0.04162937295900834,0
0.03276989799366624,0.07089509151148499,0,0
0.05480765730155284,0.029780893344344334,0.013046324149277226,0
0.021003097386779856,0.048159757828070485,0.013116870076258535,0
0.027737887019947446,0.06318342633071505,0.01207469555127451,0
0.0385986986513365,0.05288593999458843,0,0
0.034090767433548996,0.04539421736122177,0.009069441421013139,0
0.054767295398503994,0.05702751710276376,0,0
0.05149680580895359,0.04889193626078883,0.012601985655549224,0
0.04064774826661758,0.06263316815621546,0.00874410705513288,0
0.047303406142351116,0.07009998940495499,0,0
0.01456742831120043,0.031119641723967827,0.02589709314151051,0
0.012355384205979696,0.0649341662358395,0.026649286165372807,0
0,0.060590435557848626,0.041568145168863535,0
0.00977869241654514,0.04986864694000964,0.03209504692535716,0
0,0.04754358011881166,0.040674048338184304,0
0.011476643118075978,0.03531045048383939,0.035609578574961956,0
0.013123588452502005,0.026266506315048784,0.046006133879397386,0
0,0.03775429536104052,0.05362588324623977,0
0.011424973150733118,0.03854246243285077,0.04867208936546377,0
0.026930134096555057,0.011665873097431554,0.05467261324761562,0
0.03323179454913503,0,0.06938011160734102,0
0.039741063188750494,0,0.0544867356138814,0
0.03769164689954104,0.012716657254395535,0.047623524855234405,0
0.049762634289162326,0.011529042896613433,0.043547824906048666,0
0.05144596511957418,0,0.038123596824669974,0
0.011381809306262468,0.07379221042669068,0.04382769384374645,0
0,0.07033093964998081,0.04957000428872648,0
0,0.0843107369822571,0.05796974560874762,0
0.01227093497639976,0.058415578955450784,0.04776985181078808,0
0.007722526443247305,0.07130709843132531,0.0591664354054503,0
0,0.05566244528159171,0.05403426514228892,0
0,0.06855419315245255,0.06829769075845336,0
0.00996101485690059,0.035327126314685244,0.06239591038600958,0
0,0.03216365689927644,0.07043665242862455,0
0,0.04887060501270827,0.06916181182632024,0
0.010290118429166198,0.02316817674757203,0.07009639260730417,0
0,0.02496377057087841,0.08647307852318348,0
0.008456845385581311,0.03290851626706467,0.08310881218963198,0
0,0.04114405323680561,0.08508119209128287,0
0.0176427696580101,0.025633070112349644,0.05821752105526762,0
0,0.012081704203819772,0.0880824536654455,0
0.01235335376173982,0.01170318829293228,0.07986879906061073,0
0,0,0.1,0
0.01660700802268744,0,0.08581719892224447,0
0.02418870538870098,0.009991292217587159,0.07286052179146162,0
0.028196894837906057,0,0.0793920781876598,0
0.016666666666666663,0,0.1,0
0.011733731866149746,0.011291281708631334,0.1,0
0,0.016666666666666694,0.09999999999999999,0
0.011564512211320353,0.023140854219822406,0.08822996302486642,0
0,0.033333333333333354,0.1,0
0.08805097391438754,0,0.012076071339055207,0
0.08254737396288697,0.025287248231136657,0,0
0.09038234473387909,0.01736875359816569,0.009770105425124284,0
0.1,0.016666666666666663,0,0
0.1,0,0.016666666666666663,0
0.1,0.011733731866149656,0.011291281708631286,0
0.05964180293268945,0.009454996676437386,0.03275711702792107,0
0.069349210370344,0.009438537707840203,0.024284620342571454,0
0.0694032560860486,0,0.03318363166626386,0
0.08645341092322234,0,0.025345848430553982,0
0.06159195348150363,0.04097814438137491,0.01430378785584005,0
0.0685762532794402,0.05105922348634583,0,0
0.07936528612508327,0.016765996851561334,0.018240268087515284,0
0.07343508750152848,0.04538797730264533,0.010434288176141114,0
0.07695815654131084,0.03505080522925531,0.01788901892553838,0
0.08271669782600394,0.043680083841753536,0,0
0.03361976163139068,0.08191125087166894,0.009907806875071144,0
0.040922953462983525,0.08522781276025063,0,0
0.02387066928624111,0.0885189859184286,0.018173272072864927,0
0.017864274002486132,0.08972815682265892,0.03239619010145554,0
0.010641432463847321,0.08586454126031576,0.048792601519611636,0
0.010452802036417533,0.08635859496153542,0.06272085648486647,0
0,0.1,0.049999999999999996,0
0,0.1,0.06666666666666667,0
0.01563240588556572,0.1,0.04159521742511889,0
0.03184309306121042,0.1,0.031772228587323474,0
0.04521251010257508,0.08813803874699162,0.011533511854760979,0
0.056802415652024665,0.08425430426315356,0,0
0.04201233831643281,0.1,0.01569808234206689,0
0.05000000000000002,0.1,0,0
0.06090451407551205,0.08554315916679994,0.009521837641183625,0
0.06666666666666668,0.1,0,0
0.06629632923097396,0.06843886869631947,0,0
0.07529269104502899,0.0869843985607801,0,0
0.04023120300610089,0.07259575876769267,0.019593950163404646,0
0.05331330539550474,0.06370770036606013,0.012130516298653308,0
0.05305201780220191,0.07605199077631612,0.01578585473264075,0
0.06526348053844097,0.05925585650528324,0.014603167906549619,0
0.010586952134018121,0.04905604673827385,0.05947185338172386,0
0.013202331236617086,0.041755840773961564,0.0739135324678916,0
0.03931426377390806,0.011291768378866078,0.060225373309130345,0
0.04220030631919372,0.01063147153342544,0.07344317609615167,0
0.04325269856319566,0,0.08121942031536185,0
0.049362017823625794,0,0.06954131172845968,0
0.050582508057307254,0.008987363650221656,0.06189348200776732,0
0.05514461235243976,0,0.05628931915881672,0
0.062394338664957104,0.013477006863504585,0.04534859810239903,0
0.06850705726689132,0,0.04834757016987238,0
0.07579052471990999,0.011125799990031713,0.04749805866016887,0
0.08514055534216812,0,0.04162070367259467,0
0.013302135312745376,0.08057295822091443,0.0727601813570214,0
0,0.08699758136310716,0.07550683375411067,0
0.014367656865938477,0.06240280927304071,0.06577414122797526,0
0.010801595533274398,0.05260958209553222,0.0807703008745893,0
0.009454975532937402,0.06529133412405905,0.07704111725332435,0
0,0.05810127895591617,0.08458743745460245,0
0,0.07551959122811787,0.08635070041763121,0
0,0.05000000000000002,0.1,0
0.014431640008609081,0.042033429804811576,0.08768051654882887,0
0.024758203196659504,0.00924622618724488,0.08869161876460513,0
0.033333333333333326,0,0.1,0
0.03628328139434857,0.008038691174690107,0.08796823278681865,0
0.024481200662509157,0.012996047169651886,0.1,0
0.013738172488333117,0.024509524773638047,0.1,0
0.023209067174400414,0.02694107436004719,0.09159821535485865,0
0.01532232060179686,0.04175514016996352,0.1,0
0.08998720049961163,0.030019940292316347,0.01625701168692998,0
0.1,0.033333333333333326,0,0
0.1,0,0.033333333333333326,0
0.08934052947761927,0.01439558914336929,0.02774702845217675,0
0.1,0.013738172488333051,0.02450952477363813,0
0.1,0.024481200662509164,0.012996047169651859,0
0.07789285628025032,0.014490692188305981,0.0349426162156168,0
0.07635150452545335,0.06375753788021576,0.01083563912807619,0
0.08395476295352819,0.05305353119387232,0.011598373144566769,0
0.0836926128594129,0.058596416081144756,0,0
0.1,0.049999999999999996,0,0
0.08624597656859063,0.07525824700226132,0,0
0.1,0.04219783918484716,0.015492455790891695,0
0.03726201045602864,0.08628075216995919,0.02685649932892376,0
0.030679952461786786,0.0876371271809598,0.03924491932600759,0
0,0.09999999999999999,0.0833333333333333,0
0,0.08871837765378603,0.088373110528609,0
0.011312975947654659,0.1,0.08846236512854203,0
0,0.1,0.1,0
0.013076293729759388,0.1,0.07560963030247819,0
0.015505015255280141,0.1,0.05838728580708118,0
0.02347992210826608,0.08549895054492643,0.051029373575916595,0
0.023125879429867508,0.08829808054564452,0.06401969354448185,0
0.030077868872627277,0.1,0.049957041803184055,0
0.04325803641904866,0.1,0.04310206429129391,0
0,0.08333333333333334,0.10000000000000003,0
0.011237557430651893,0.08880526020730022,0.10000000000000002,0
0.07103648670111722,0.07644596128743679,0.012639395642176952,0
0.050017403171633466,0.1,0.029866016379611213,0
0.051735736317938166,0.09024277464303393,0.022206190395733884,0
0.047505958356846595,0.08840626822716781,0.03450075617987765,0
0.058436473147113,0.1,0.015479968546491252,0
0.07066161431134389,0.09019701318878316,0.017288906014100026,0
0.07564801871480076,0.1,0.013290337614964676,0
0.08333333333333334,0.10000000000000003,0,0
0.08827671127691197,0.08871708261001585,0,0
0.08879165287599436,0.1,0.011230530092787974,0
0.1,0.1,0,0
0.09999999999999999,0.0833333333333333,0,0
0.1,0.08837975286350422,0.011301123398391857,0
0.08405137594208012,0.08562739354770768,0.013331077747608886,0
0.06764803505294624,0,0.06749702607630663,0
0.05981408435652688,0.00852896192624333,0.07376283385871597,0
0.05871146030577448,0,0.08315355463930288,0
0.0522181141626494,0.008699329149836912,0.09070866434675245,0
0.049999999999999996,0,0.1,0
0.042197839184847145,0.015492455790891702,0.1,0
0.06623943702525958,0.01685063479137903,0.057383699107266414,0
0.09170769219566549,0.017461677886778975,0.038803397196346706,0
0.07636291098111773,0.01012394290769577,0.06284866433692571,0
0.0843231810976415,0,0.05711547518249676,0
0.0907903951262621,0.011317935629608493,0.048196879731718996,0
0.1,0,0.049999999999999996,0
0.08926114059018644,0.010779392993896773,0.059711876858145635,0
0.1,0.01532232060179686,0.041755140169963574,0
0.06666666666666667,0,0.1,0
0.1,0,0.06666666666666667,0
0.0868580826573832,0,0.0751907951039507,0
0.1,0.1,0.016666666666666663,0
0.016666666666666694,0.09999999999999999,0.09999999999999999,0
0.01776091795128601,0.08156105318436174,0.08767399159621701,0
0.0201736633679543,0.05451640861187348,0.08958134150128146,0
0.012485010081710506,0.06450964081877149,0.08959262787458967,0
0,0.06666666666666668,0.1,0
0.013326539523651218,0.07570001864939604,0.1,0
0.014818844064125102,0.05910194373184166,0.1,0
0.03574344294759145,0.02779619693150019,0.09045589586242067,0
0.03171120193653586,0.03145572259186058,0.1,0
0.029617774940659078,0.038366668453319715,0.08707059863975337,0
0.030031305364783087,0.0510164934929885,0.1,0
0.1,0.03171120193653583,0.03145572259186058,0
0.08797207800430286,0.04125749489054841,0.019745377530220404,0
0.08719662614261764,0.07123126780886781,0.012468973652920417,0
0.1,0.06666666666666667,0,0
0.1,0.05871370776181546,0.014971499203711991,0
0.0887769851767172,0.05446007681450082,0.02527788526972198,0
0.1,0.07560554393447202,0.013017827974728419,0
0.10000000000000002,0.05088571806105641,0.03057034854847414,0
0.08807917287299714,0.04355454629678854,0.03178128832328113,0
0.042487498058882876,0.08763033623596315,0.04706332655425136,0
0.05559542517714864,0.1,0.0449333852718353,0
0.05970162765277996,0.08511585216250735,0.03687049910167272,0
0.024737056824908135,0.09999999999999999,0.08647695143097765,0
0.022092587906731704,0.0891305654977911,0.07731020024885196,0
0.03158463020675462,0.1,0.06887603184732166,0
0.03454406195581488,0.08738929352741216,0.05702820930374575,0
0.04521214287842779,0.1,0.05580785877659489,0
0.03976599429656669,0.08705416389467946,0.06863234416971728,0
0.03308599755637041,0.09127865601274317,0.08396905631815332,0
0.02433352196763079,0.086914041926999,0.1,0
0.06842046096129108,0.10000000000000002,0.031708461229476806,0
0.08682513981132609,0.1,0.024852139109626636,0
0.07563133554755401,0.08339866735200169,0.02757610438194535,0
0.1,0.08638748088757173,0.024673544686454413,0
0.08835212925002399,0.0809270947968162,0.0261047647977849,0
0.05496941697978594,0.08384351692679572,0.04961834480823025,0
0.07544685234974466,0,0.08649032280455847,0
0.07234958039613341,0.01040489112472621,0.08254376322370532,0
0.06404683439298976,0.01531593806766487,0.0895673487597975,0
0.05871370776181549,0.014971499203711991,0.1,0
0.04648654479375716,0.018583633585909417,0.08377396617497751,0
0.05088571806105642,0.030570348548474117,0.1,0
0.05819617297231665,0.03432458127224699,0.09087628666697328,0
0.10000000000000002,0.030031305364783076,0.05101649349298849,0
0.087713437062185,0.030631022168378597,0.03895486281631176,0
0.08835494477286279,0.012923288529631188,0.07238482485787383,0
0.10000000000000002,0.01481884406412511,0.0591019437318417,0
0.08408975884862245,0.024809221197855443,0.06224687407951946,0
0.08307421250970526,0.024044492830487922,0.04925935718977855,0
0.07560554393447205,0.013017827974728426,0.1,0
0.0833333333333333,0,0.09999999999999999,0
0.10000000000000002,0.013326539523651254,0.07570001864939606,0
0.09999999999999999,0,0.0833333333333333,0
0.08749384198989218,0.019419350093106736,0.08384861419140871,0
0.08871782359812885,0,0.08861402247042328,0
0.09999999999999999,0.011237557430651936,0.08880526020730022,0
0.08837975286350422,0.011301123398391864,0.1,0
0.1,0,0.1,0
0.0676410724224387,0.08765677939780243,0.04666425615703849,0
0.1,0.1,0.033333333333333326,0
0.033333333333333354,0.1,0.1,0
0.030810717945145498,0.06882040650663847,0.10000000000000002,0
0.035632549180464095,0.061417319912657954,0.08614885189793789,0
0.03506228510807954,0.07921290287997289,0.08274758242003334,0
0.044621802000440275,0.04486788827760177,0.1,0
0.03819869928809731,0.04831391243571674,0.08881636431980672,0
0.043476425040727996,0.035245834109787225,0.0844918732772573,0
0.04259925870447503,0.0574223914771733,0.1,0
0.04400956357229415,0.07200229730773118,0.08851482214973319,0
0.08097202624087521,0.037898031745567246,0.04409120191389461,0
0.1,0.044621802000440275,0.04486788827760177,0
0.08583308333532698,0.04163887296027812,0.05443437263859556,0
0.08631724841112672,0.06199732713947404,0.03498979807212535,0
0.1,0.06881524337840333,0.031188328583497682,0
0.08400004634737197,0.06672939814137609,0.02357364537927342,0
0.09999999999999999,0.05699467862400712,0.04309577101001032,0
0.08697006008091022,0.06821700633409954,0.04667088306719342,0
0.08532500925670983,0.05096447930403004,0.04080121359404095,0
0.08889237671745145,0.05687337653326364,0.05152321434890515,0
0.053575318196286054,0.08874628065232237,0.06288589949807225,0
0.05748309480145305,0.1,0.057569008652858966,0
0.07067768800702043,0.1,0.051031749456926775,0
0.04201880586254116,0.1,0.08528312873124749,0
0.05110038189823669,0.1,0.07059223753723082,0
0.04665800839381814,0.0836734439552552,0.07892032453130754,0
0.040781429281695175,0.08524660937234546,0.1,0
0.08511597567784648,0.1,0.04201636519980047,0
0.08624296777367434,0.08623070746470679,0.04142614510325948,0
0.1,0.08463193380012479,0.04137973427619354,0
0.1,0.042599258704475035,0.05742239147717329,0
0.08756603681001397,0.0373575855134999,0.06551856499079368,0
0.05061957823493832,0.05578693820432542,0.08796027066594206,0
0.056994678624007145,0.04309577101001033,0.1,0
0.050672578950183594,0.04471840889871198,0.08134231404374026,0
0.06881524337840336,0.031188328583497724,0.10000000000000002,0
0.05804331502596852,0.02444793504213514,0.08341091542825733,0
0.07663480584578262,0.0285101534523622,0.08915990206969249,0
0.06472151426937846,0.04444827147781658,0.08953393045044007,0
0.09999999999999999,0.030810717945145522,0.06882040650663844,0
0.08638748088757173,0.02467354468645442,0.1,0
0.09999999999999999,0.024333521967630733,0.08691404192699902,0
0.0887037074389296,0.034676776033670496,0.08577850269826129,0
0.1,0.016666666666666663,0.1,0
0.07650590801884871,0.09060600606078516,0.05981515273852632,0
0.08550848946556835,0.1,0.05937209617855444,0
0.1,0.1,0.049999999999999996,0
0.05260454434164114,0.08870452674415409,0.08887853875526892,0
0.05000000000000002,0.1,0.1,0
0.04947217939492985,0.07093071509198857,0.09999999999999999,0
0.05496135907825167,0.05565699238540371,0.09999999999999999,0
0.1,0.054961359078251656,0.0556569923854037,0
0.0850683001415671,0.05557282900096487,0.06279384186160789,0
0.1,0.07020237523173342,0.049909947753921574,0
0.09172795965662575,0.07103456035922331,0.05812101659280217,0
0.1,0.0851326732875661,0.05875419853018404,0
0.06991479816563329,0.1,0.06964106921817456,0
0.06579490034440447,0.0847739752920103,0.06471646683527973,0
0.06306049815039891,0.0848936068673794,0.07785997672139144,0
0.059453966073186176,0.1,0.08534621025936373,0
0.06742145430102332,0.0913024963595418,0.08784610586194204,0
0.05881690990797669,0.08590765511840505,0.09999999999999999,0
0.0653451557192293,0.07895921014889395,0.09116135004441357,0
0.08901978232475366,0.04624621783527403,0.07409780831693973,0
0.1,0.04947217939492987,0.07093071509198856,0
0.08853281200990969,0.06373183314139766,0.07166994018453453,0
0.06401223656286578,0.06080221004438395,0.09012899824667975,0
0.07020237523173348,0.04990994775392161,0.1,0
0.07662887938856115,0.047383984949495944,0.09035159119479512,0
0.08463193380012482,0.0413797342761936,0.1,0
0.1,0.040781429281695175,0.0852466093723454,0
0.1,0.033333333333333326,0.1,0
0.09020514567304788,0.04873393250880665,0.09024276650852912,0
0.08705175398282403,0.1,0.07598291093889795,0
0.08834219626450297,0.08436190543402158,0.06560803690590766,0
0.0760534419498655,0.08533368845680367,0.07640247643441338,0
0.1,0.1,0.06666666666666667,0
0.06666666666666668,0.1,0.1,0
0.0580912570471596,0.0707910134909365,0.0839859258365018,0
0.06911195351809202,0.06934237715238323,0.1,0
0.1,0.06911195351809202,0.06934237715238314,0
0.1,0.08697932464863087,0.07569424693776808,0
0.07603317893716467,0.10000000000000002,0.08690445830180325,0
0.0883474779707806,0.08621746339986713,0.08445560941933872,0
0.07600871722140039,0.0869052688344895,0.10000000000000002,0
0.07755117747944418,0.08057786876683018,0.08847997872723205,0
0.08807305831200361,0.07308897906184109,0.0820996584753319,0
0.10000000000000002,0.05881690990797668,0.08590765511840505,0
0.08113489295700571,0.06507198155871816,0.08973865788741059,0
0.0851326732875661,0.058754198530184105,0.1,0
0.1,0.049999999999999996,0.1,0
0.0890057587638788,0.10000000000000002,0.08900115249821254,0
0.09999999999999999,0.09999999999999999,0.0833333333333333,0
0.08333333333333334,0.10000000000000003,0.10000000000000003,0
0.08697932464863085,0.07569424693776809,0.10000000000000002,0
0.10000000000000002,0.07600871722140039,0.0869052688344895,0
0.09999999999999999,0.08898956205503335,0.08898614114816643,0
0.08898956205503333,0.08898614114816641,0.1,0
0.1,0.06666666666666667,0.1,0
0.1,0.1,0.1,0
0.09999999999999999,0.0833333333333333,0.09999999999999999,0
0.0035733120877439475,0.0015501345247391112,0.0015061315731239372,0
0.0020384269145942166,0.0034485692373234854,0.0019587080292832355,0
0.003495393446506119,0.00200463745583493,0.0022304242610990685,0
0.0018000472810243368,0.0026635544556749056,0.0032174922257347926,0
0.003027526963978534,0.0019454433591448279,0.0033443431641583267,0
0.0027251892913925943,0.002733986480690554,0.00281457181911567,0
0.0038028610496621163,0.0015573364491398571,0.002953560619120383,0
0.003278261354268542,0.003321359461536412,0.002293807338521304,0
0.0036471058061733354,0.004183971451315517,0.004170292990998038,0
0.005990710044528321,0.005625592565041556,0.0060684845482568885,0
0.020613158654451205,0.021513872586218487,0.02320944181386296,0
0.03210124329457966,0.01860320890568808,0.025793675399588066,0
0.034258669178737364,0.019605580022390025,0.03675329890006416,0
0.02730280923376595,0.032432418058891035,0.025211595040421343,0
0.025178513806007694,0.06265816667866025,0.02503727247474164,0
0.022793905042766033,0.0478634219489596,0.02624739290124981,0
0.035611299347548545,0.042037479895875945,0.021921481930445415,0
0.0446404487143301,0.02881518709144588,0.02469150555601201,0
0.04838863488234759,0.04122080193837466,0.023348160126042097,0
0.02296595960082901,0.025417332793018995,0.03543229826913209,0
0.03655517334704257,0.032226595668742995,0.033680470665154075,0
0.028637260903887213,0.023478065256623805,0.04658973234631349,0
0.04106559781420149,0.026080708127213213,0.043518075427823315,0
0.02666913633000168,0.01956615947347413,0.06541842443502953,0
0.05160611681282879,0.01882294451744342,0.027402965667013432,0
0.06662088024310762,0.028697775484234866,0.02246835692017413,0
0.026153667701210213,0.07644847154539754,0.02441289337466402,0
0.021819070232876322,0.07749199042897434,0.03714118686688646,0
0.058944874694079774,0.034927798089322115,0.030655768650279903,0
0.05483035466341187,0.023334648756295998,0.039966113643628766,0
0.058208424271522105,0.04892506685398727,0.023969638909565136,0
0.04020646952539269,0.05382560940987516,0.02066439363134185,0
0.03548693010818217,0.07008018843285407,0.031951290445304856,0
0.026045486201986975,0.03778263391024072,0.03825757934351664,0
0.0205013162009957,0.06352527593796334,0.03810842099379325,0
0.019200671946545872,0.04854933887317829,0.04119793383287821,0
0.029890946574363024,0.05488754776266816,0.03515556243894384,0
0.03993959943627888,0.04552650766609091,0.03580879615114709,0
0.04817579133887816,0.03472821947631362,0.03750297905502062,0
0.05373400559854279,0.04648274721492367,0.034397272887705624,0
0.022790431688715144,0.03371642138431495,0.04988297319156479,0
0.02457265686701723,0.0456168276539698,0.05265761990020515,0
0.024730392735918885,0.059600973120717556,0.052978333711447965,0
0.04159846003955673,0.0383371936434877,0.047881597981065165,0
0.035587988647354456,0.022441882562723423,0.05649951961286931,0
0.03572321821575516,0.03482550611543368,0.05851366323231204,0
0.050793046715246454,0.023585425006649393,0.053305469669904265,0
0.01979890708641391,0.07185033916566151,0.056092635721391365,0
0.02122823745216498,0.05158027705120037,0.06825050861027211,0
0.023719644325643365,0.03513243325891388,0.07001584891321382,0
0.019767320179294428,0.025745272146060767,0.0792045553530145,0
0.03586815822473103,0.028053417555398304,0.06948481031488532,0
0.03198934237515592,0.02196425114274358,0.07973247947353179,0
0.06961104440173417,0.024364025696122525,0.034076221781008734,0
0.07148424976298984,0.03619454320969758,0.03337337045156456,0
0.07209724422691657,0.04726258150592617,0.02324893141297701,0
0.08376880463503916,0.031776123492358574,0.02736590001518124,0
0.06213620785472238,0.08297230417275879,0.02292166966961311,0
0.04698793347832472,0.06261453281283429,0.027715945321668593,0
0.05229213785137697,0.07678901371226741,0.029420355493451133,0
0.03121447190870527,0.07218331129927179,0.04631466635194275,0
0.04351168295944237,0.07630483641089296,0.03989615419036935,0
0.05925926373768696,0.033306777641006105,0.04783186506714212,0
0.05976054442895359,0.06138753755973977,0.02581216548033289,0
0.07301332924521618,0.06016365926455731,0.026515229192865163,0
0.0647896338676515,0.05266681009684195,0.034004672027601476,0
0.06774800439398529,0.07212440499710888,0.026189420010751162,0
0.030425573213766953,0.07190878993046705,0.06365266915596395,0
0.041037745320483925,0.061086941748133845,0.03916841201581266,0
0.03507912804709236,0.05289691251063876,0.04693721224758619,0
0.050105037892616826,0.048782432154764896,0.04745173861530278,0
0.037610912290476244,0.06289856492673065,0.05550125353309448,0
0.05850596291564648,0.057695821690853154,0.04287374072251621,0
0.06424776372427346,0.04601506261908464,0.045794197152679364,0
0.07527279466357825,0.0473626948648767,0.0357877343064754,0
0.03193442333692452,0.04635956923669729,0.06239889278590819,0
0.03219449753239963,0.058786262564685596,0.06674804084412708,0
0.028597245244059863,0.05040678787790527,0.07954710544591836,0
0.04423576386421661,0.05175281873370386,0.05926910154039787,0
0.03716485833323673,0.04124363571020475,0.07352357852242301,0
0.04962711185944878,0.04002878996280271,0.06201976269645143,0
0.046469512652932386,0.02157420157173683,0.06832230348223209,0
0.058874837843765966,0.01978921189526491,0.06826021164649522,0
0.05006152061205002,0.0340473768890281,0.0729024679384108,0
0.06119161268339097,0.03239115678608308,0.06564882630745277,0
0.07111215275369417,0.028935874276195876,0.05174037316867015,0
0.02572948751391407,0.07658619580602191,0.07436339650974448,0
0.023469617320336356,0.06586402094576504,0.08146141276713822,0
0.036151919394784175,0.06936249041689355,0.07487616952076596,0
0.05564724649641854,0.07063760094509694,0.04098819820464772,0
0.04273360206373378,0.07512814891950861,0.05366594483589699,0
0.0822705665289864,0.07405685158587381,0.035387171515656055,0
0.06200271025047166,0.04346166057180871,0.05875815279306662,0
0.07154152676174215,0.062965918404181,0.03899151029893121,0
0.06822322663709617,0.07512807384315945,0.041602868581427845,0
0.046397329429866054,0.0700382064424813,0.06659801504814603,0
0.052524194030798964,0.059776377125170574,0.054195439290989786,0
0.07407467747470954,0.04572817861713519,0.05547244415404454,0
0.06506572043480843,0.06129247638090266,0.05541203986602613,0
0.07613854353713234,0.05693966188093329,0.049967570650957624,0
0.04290735950825223,0.053392847944127436,0.07229035568817439,0
0.05570140454736588,0.05336024973023228,0.06905445788321649,0
0.061271210442232917,0.041826848578998564,0.07473174826489795,0
0.074078885731294,0.03203315290158763,0.066108397106964,0
0.07161632178030834,0.021503128840100333,0.07445807788082844,0
0.06662503759061753,0.03323088283645316,0.08213370490949251,0
0.08365432895602176,0.028863872317761916,0.07459110014703359,0
0.04795789531925511,0.06452179305593138,0.07897937288880803,0
0.0558325282534913,0.07747698342861334,0.07065118407018255,0
0.06074798106516225,0.0739389512354035,0.058066314706167244,0
0.07688368434774431,0.07812094326569151,0.05074501275046113,0
0.07036301131856751,0.046946498110254566,0.06777097908800526,0
0.07632062224272489,0.06727484368137694,0.05748470140073714,0
0.06435633706807967,0.06796660250906442,0.07025691556933172,0
0.07412478882334407,0.05941172106169675,0.06858851017017004,0
0.06553588686441233,0.05629453281102863,0.07785075425205115,0
0.07897604955863069,0.04322123923975976,0.07949479352157181,0
0.07831950316392558,0.07601212047325688,0.06716112917863522,0
0.0726869835911904,0.06976157985546261,0.08105458786669169,0
0.08087665254473331,0.05661301714303578,0.0798349334043955,0
